date,title,summary,link
2026-03-22,【神山股民2】195萬零股股東到底持有多少台積電股票？ 破4300億元 - Yahoo股市,"<a href=""https://news.google.com/rss/articles/CBMinwNBVV95cUxOMklkaHdIZExUX1ZwdDcwZ2F1WF9kcFJIVUtrWVRrWkptcU9PQTAyUklXWkFaWVN3M2RCT1U1YWtVSzR1TFNEeUw0RlduYmJ6dlJZYWdGQWVobGVLcjdEU3lWeUp6NXJRVmZDMWxZWURreFdwMnE4dGVobWxDZ3ZfdVNpem4yVVd5eXBhZTNtYVFmMkpITm42S3BCdEk5eFNKZ1ZyQU44dEdYOWFtb1BKU19zTlNRQ1dTUFo5REZtOTYyRmZ3Vk9ReW1sV01MSThvd3B4eFJiQ0htVjJRZGxUV3VBUnJRc2F5ZDJ1WnVCbDQtdDhDaGt3N1ljZkZwRkNFUWdzWWluY3JtUllsZGV2SEc0RGhiZ2pBSTNRVUZZYWxPbDhxZFJkVHRwbVNyUldhUk14NVFxVDJ0MkZTTF9yMnZYMlVUR1JrblVMSkJ6Y00tUzlMV0F6bzY3SXZoWDVqR2ZxNkFMZFlwb0dsUFpmM05oRjBwcGptSVk1aFpVYVN4b1RNcnNSUkJtX2ZjeFZCOHNOcXBxSlRuZlZOcnA4?oc=5"" target=""_blank"">【神山股民2】195萬零股股東到底持有多少台積電股票？ 破4300億元</a>&nbsp;&nbsp;<font color=""#6f6f6f"">Yahoo股市</font>",https://news.google.com/rss/articles/CBMinwNBVV95cUxOMklkaHdIZExUX1ZwdDcwZ2F1WF9kcFJIVUtrWVRrWkptcU9PQTAyUklXWkFaWVN3M2RCT1U1YWtVSzR1TFNEeUw0RlduYmJ6dlJZYWdGQWVobGVLcjdEU3lWeUp6NXJRVmZDMWxZWURreFdwMnE4dGVobWxDZ3ZfdVNpem4yVVd5eXBhZTNtYVFmMkpITm42S3BCdEk5eFNKZ1ZyQU44dEdYOWFtb1BKU19zTlNRQ1dTUFo5REZtOTYyRmZ3Vk9ReW1sV01MSThvd3B4eFJiQ0htVjJRZGxUV3VBUnJRc2F5ZDJ1WnVCbDQtdDhDaGt3N1ljZkZwRkNFUWdzWWluY3JtUllsZGV2SEc0RGhiZ2pBSTNRVUZZYWxPbDhxZFJkVHRwbVNyUldhUk14NVFxVDJ0MkZTTF9yMnZYMlVUR1JrblVMSkJ6Y00tUzlMV0F6bzY3SXZoWDVqR2ZxNkFMZFlwb0dsUFpmM05oRjBwcGptSVk1aFpVYVN4b1RNcnNSUkJtX2ZjeFZCOHNOcXBxSlRuZlZOcnA4?oc=5
2026-03-25,台積電地緣風險成焦點　投資人該拋售？分析師揭關鍵：比巴菲特想的更穩 - 三立新聞網SETN.com,"<a href=""https://news.google.com/rss/articles/CBMiWEFVX3lxTE5aZ2NkeDEtU2xkTlF4OVN5NTFCRXllVkRhamZpVFQ0QWhJQTREanY2UUtxMl8yTDNKNTU5UzNIR3AtQ2dLS2hwcG02TE42WHNnYXR4TGRxdHjSAV9BVV95cUxNOXdwVnN0bXREdlpZY3ZqSGJlVVo5QVZSM2tDRUNaWlV6Y1M2Mms5aUlkU0JNNl81T1JOWFd1ZkcyVnRCS21OV0pOWFpsWi1PM0ZhVG9mSkU5ek5ISUhwRQ?oc=5"" target=""_blank"">台積電地緣風險成焦點　投資人該拋售？分析師揭關鍵：比巴菲特想的更穩</a>&nbsp;&nbsp;<font color=""#6f6f6f"">三立新聞網SETN.com</font>",https://news.google.com/rss/articles/CBMiWEFVX3lxTE5aZ2NkeDEtU2xkTlF4OVN5NTFCRXllVkRhamZpVFQ0QWhJQTREanY2UUtxMl8yTDNKNTU5UzNIR3AtQ2dLS2hwcG02TE42WHNnYXR4TGRxdHjSAV9BVV95cUxNOXdwVnN0bXREdlpZY3ZqSGJlVVo5QVZSM2tDRUNaWlV6Y1M2Mms5aUlkU0JNNl81T1JOWFd1ZkcyVnRCS21OV0pOWFpsWi1PM0ZhVG9mSkU5ek5ISUhwRQ?oc=5
2026-03-23,【拾荒老兵趙衍慶病逝 遺產一查竟持有「滿手台積電」】 （圖／許和鈞提供） 還有不少股票在手。(#起啵) - facebook.com,"<a href=""https://news.google.com/rss/articles/CBMipgRBVV95cUxOdlZWNVNRbWg5SzNpVWpwM1ZmTm5ua0cwd0NaRFgxVjRZV0JpTWxDNXJ5X2wxQ3VvQUdyXzF1RlFPVWQ3d0NHcmZVTGdkdGVGUlZyMngzOEFQMmlZRy1xVG4tWmRrRTh4d3ZVWG9vQlVIbWRxaVRSaWoxWWM4R3hTX3p3TTdkdWo5NmVyQ2ttWjBlNVg0d3FqYlhrNGlrcTR5YkF6amFXbko3VENXMmdfa0QwX05iQXUtSUNQVF9uaG1vSXZ4YXczbzg1UzJPWUhzTE9BdEdFVEN6VzRfQ3o3R01KbjVUTHZQY0RJcGRKR3BhM1hMUEhQQm9ZTzhBenBGSUM2WFpBVE9LNnRXYnA3N1lSaXM4Um5ZaU5pOWtQX1FCUEVJcEY3MTQ1cU1Sb1ZjT0VCZ1l0blFkN1Jad2l5TUJSbTlsZmphWGZ6MnFtd1dEUG5pSkFmN2E3VVlROUNSak5IQTQzTTZ1dC1ldmozT2hNbEk3TmI5OWxqWkJxdUl3U3d5cE5kVFNDRW9JSmdBZENZRTNQbFJsMTUxQ0dZbGI2dGRuQm0zZkVfQVZET2RwMy1Ebkc0MHJzY2l4NmpMRnk1VWJlTTBQR2lpcHVCelNNeVlVcTBQNzl4N3J6YVFXeDl3R18yVTBFOFhBaFRzeWVROWJ0bDV5REtCQzc1enJXMDl4WWRHMDVoS0ZGUVhDWmcxNTJBYUhhaVN4WTEwT2M0dXRB?oc=5"" target=""_blank"">【拾荒老兵趙衍慶病逝 遺產一查竟持有「滿手台積電」】 （圖／許和鈞提供） 還有不少股票在手。(#起啵)</a>&nbsp;&nbsp;<font color=""#6f6f6f"">facebook.com</font>",https://news.google.com/rss/articles/CBMipgRBVV95cUxOdlZWNVNRbWg5SzNpVWpwM1ZmTm5ua0cwd0NaRFgxVjRZV0JpTWxDNXJ5X2wxQ3VvQUdyXzF1RlFPVWQ3d0NHcmZVTGdkdGVGUlZyMngzOEFQMmlZRy1xVG4tWmRrRTh4d3ZVWG9vQlVIbWRxaVRSaWoxWWM4R3hTX3p3TTdkdWo5NmVyQ2ttWjBlNVg0d3FqYlhrNGlrcTR5YkF6amFXbko3VENXMmdfa0QwX05iQXUtSUNQVF9uaG1vSXZ4YXczbzg1UzJPWUhzTE9BdEdFVEN6VzRfQ3o3R01KbjVUTHZQY0RJcGRKR3BhM1hMUEhQQm9ZTzhBenBGSUM2WFpBVE9LNnRXYnA3N1lSaXM4Um5ZaU5pOWtQX1FCUEVJcEY3MTQ1cU1Sb1ZjT0VCZ1l0blFkN1Jad2l5TUJSbTlsZmphWGZ6MnFtd1dEUG5pSkFmN2E3VVlROUNSak5IQTQzTTZ1dC1ldmozT2hNbEk3TmI5OWxqWkJxdUl3U3d5cE5kVFNDRW9JSmdBZENZRTNQbFJsMTUxQ0dZbGI2dGRuQm0zZkVfQVZET2RwMy1Ebkc0MHJzY2l4NmpMRnk1VWJlTTBQR2lpcHVCelNNeVlVcTBQNzl4N3J6YVFXeDl3R18yVTBFOFhBaFRzeWVROWJ0bDV5REtCQzc1enJXMDl4WWRHMDVoS0ZGUVhDWmcxNTJBYUhhaVN4WTEwT2M0dXRB?oc=5
2026-03-24,曾拿200萬選市長！拾荒老兵趙衍慶辭世 遺產全是台積電 - Yahoo新聞,"<a href=""https://news.google.com/rss/articles/CBMi3wJBVV95cUxQZGx5Z1ZYSFVxZGEtZjZOanNUTHE2UTFjejh2MWVSZEkxS1VsbUFFekQzcUY2Z2xhZVJxLWFfY1dRcS1feFVCMUVHck9sX1NGNFkxNkpmT2p6THFsVk1GZlVuZlZRQzVpZU9zejJ5VXBTVV9jckhmb3hTM2VQZ1pYcDRBU1RnTmRVeTdxV0JwMlJLNGRqejNMd2xmd0RwV2lnQTRkMHQ3MWN1WUU4dTV4TnlTVnIzQnFmMTZQcm1BcEljS2NabUtNWlJJV1k2NnFFYjM4R2pxak9TT2IydDc0MWRuX1J0S015eEEtcERLOE1hS2NvakRoVXItYWpVV1FXS2JSSjBjTGkwWHEwbVl5SnVHT1JNUlpfRUNmYTFpamFWOUdzenFTUWZUN2l6SUpOcTdwNXp4VWFibUVNUXpkOWhDODZLeEhWM1gwMk01cUQ1Qi1Zeng2ODR6VEptZmc?oc=5"" target=""_blank"">曾拿200萬選市長！拾荒老兵趙衍慶辭世 遺產全是台積電</a>&nbsp;&nbsp;<font color=""#6f6f6f"">Yahoo新聞</font>",https://news.google.com/rss/articles/CBMi3wJBVV95cUxQZGx5Z1ZYSFVxZGEtZjZOanNUTHE2UTFjejh2MWVSZEkxS1VsbUFFekQzcUY2Z2xhZVJxLWFfY1dRcS1feFVCMUVHck9sX1NGNFkxNkpmT2p6THFsVk1GZlVuZlZRQzVpZU9zejJ5VXBTVV9jckhmb3hTM2VQZ1pYcDRBU1RnTmRVeTdxV0JwMlJLNGRqejNMd2xmd0RwV2lnQTRkMHQ3MWN1WUU4dTV4TnlTVnIzQnFmMTZQcm1BcEljS2NabUtNWlJJV1k2NnFFYjM4R2pxak9TT2IydDc0MWRuX1J0S015eEEtcERLOE1hS2NvakRoVXItYWpVV1FXS2JSSjBjTGkwWHEwbVl5SnVHT1JNUlpfRUNmYTFpamFWOUdzenFTUWZUN2l6SUpOcTdwNXp4VWFibUVNUXpkOWhDODZLeEhWM1gwMk01cUQ1Qi1Zeng2ODR6VEptZmc?oc=5
2026-03-21,台積電股東數246萬人再創新高 零股股東近196萬人帶動向前衝 - 自由財經,"<a href=""https://news.google.com/rss/articles/CBMiX0FVX3lxTE9OWi1POVE2ZDBMVlFSOGwzQ29rd3pYTkJVLUwyckNCbGpIM1B6cnV4TE1aWVBGQ1VkOGdUR0xpcWREOTlqa29lSGNnc2RnMnh1YmxjRXNJeS1rc0xJV29F0gFkQVVfeXFMTWotbTcyN20zQVZ4UEFnTkFnVC1FbnRnWENXRVNSbWp4S0puQ3BxMTZsMER5NzF2MEhnUklVVDFtUktSZWhvWmJwSnNqaDRydEdLbC1lT05xejJzODAyWG9NUjQ4Sg?oc=5"" target=""_blank"">台積電股東數246萬人再創新高 零股股東近196萬人帶動向前衝</a>&nbsp;&nbsp;<font color=""#6f6f6f"">自由財經</font>",https://news.google.com/rss/articles/CBMiX0FVX3lxTE9OWi1POVE2ZDBMVlFSOGwzQ29rd3pYTkJVLUwyckNCbGpIM1B6cnV4TE1aWVBGQ1VkOGdUR0xpcWREOTlqa29lSGNnc2RnMnh1YmxjRXNJeS1rc0xJV29F0gFkQVVfeXFMTWotbTcyN20zQVZ4UEFnTkFnVC1FbnRnWENXRVNSbWp4S0puQ3BxMTZsMER5NzF2MEhnUklVVDFtUktSZWhvWmJwSnNqaDRydEdLbC1lT05xejJzODAyWG9NUjQ4Sg?oc=5
2026-03-25,以為是窮阿伯！拾荒老兵趙衍慶91歲辭世 清查遺產驚見「滿手台積電」 - MSN,"<a href=""https://news.google.com/rss/articles/CBMi8ANBVV95cUxOSnFsWGdySm9Ud0xJU2FwUUlVOG9sX3FLTmttazVoUW9nZ2VQMEc4MnVMOEJOUDFPQllPOW5JNE5LUUU5cVpYN2pkWENwVDBsTDJSRmhHQXRJaE9uMGdVQk9YWHltWkxlRklTQ1NobDRMdmNrbFVRdVZmWHBTNnZ4MVJGWlZITkZ1NEktYVB2S3FWc0xiZjl1N1JfQWhmbUJ3R2RYZldyR0xic285X0s3bXRuZnJUY3pHZE92VExoak9zYVlFWnVFZUVzREpDSUxnMEFpUUdSSnliWUNIODdfU2kwdHdoUlFlS1R4dHlQVy1FTlR1RlZ4UEVrbHRCcWp4bUNBeUlzdDJXTXh1bnFOWXRBbVhNdHFhcXNFMi1KYzN4c0RTVXlmZW5leDV2b2UtZFY4Znh0VFp3RGhGOFNuQU91ZFAwMmRSUXdPWGlud1d6X0lnRUo4RW5BcDhvNVJXUUlJSnB3bVhidEJad2FPdXVMMlJOcGNLR3VLcTRMV3k0aFhfQm53X2ZlQS1Gb0tfY1hwdkpOYUV4UldFSGpiOTFKYllXSVZNQ2J4MjgtRUFuZXNwUXN1TFo1bkp1R2NSRkZQU01fR0FUSzdRWnBQYWl0czRNdW1zUl90alctOUR6QW9JTUZjUlEtSHlGYnd6?oc=5"" target=""_blank"">以為是窮阿伯！拾荒老兵趙衍慶91歲辭世 清查遺產驚見「滿手台積電」</a>&nbsp;&nbsp;<font color=""#6f6f6f"">MSN</font>",https://news.google.com/rss/articles/CBMi8ANBVV95cUxOSnFsWGdySm9Ud0xJU2FwUUlVOG9sX3FLTmttazVoUW9nZ2VQMEc4MnVMOEJOUDFPQllPOW5JNE5LUUU5cVpYN2pkWENwVDBsTDJSRmhHQXRJaE9uMGdVQk9YWHltWkxlRklTQ1NobDRMdmNrbFVRdVZmWHBTNnZ4MVJGWlZITkZ1NEktYVB2S3FWc0xiZjl1N1JfQWhmbUJ3R2RYZldyR0xic285X0s3bXRuZnJUY3pHZE92VExoak9zYVlFWnVFZUVzREpDSUxnMEFpUUdSSnliWUNIODdfU2kwdHdoUlFlS1R4dHlQVy1FTlR1RlZ4UEVrbHRCcWp4bUNBeUlzdDJXTXh1bnFOWXRBbVhNdHFhcXNFMi1KYzN4c0RTVXlmZW5leDV2b2UtZFY4Znh0VFp3RGhGOFNuQU91ZFAwMmRSUXdPWGlud1d6X0lnRUo4RW5BcDhvNVJXUUlJSnB3bVhidEJad2FPdXVMMlJOcGNLR3VLcTRMV3k0aFhfQm53X2ZlQS1Gb0tfY1hwdkpOYUV4UldFSGpiOTFKYllXSVZNQ2J4MjgtRUFuZXNwUXN1TFo1bkp1R2NSRkZQU01fR0FUSzdRWnBQYWl0czRNdW1zUl90alctOUR6QW9JTUZjUlEtSHlGYnd6?oc=5
2026-03-25,AI熱潮續延燒 專家點名台積電、Alphabet、博通為四月強勢買進股 - 商傳媒,"<a href=""https://news.google.com/rss/articles/CBMijANBVV95cUxQdG9Bclp2WFM0VmVmMkQ0eGlOVWJnR0ctcHA3cjI2T3JJWTJfLXlQSjROZVQwWEVZbjRjQjZuM0YxVUt6WkNjU3laSDB0a3JsZkswZlpDdFpucjUtaHdtcWFRbGE1ZjJ6cklUZWNpVzlrVXBHWlFIZnhkMG5Ca2Vna3ZWTVdvVERQT3ZWM1JpdmpsZnZ4V2laR084Q09ncU9xT0kzc2JDazZHVk4ydm9GUkxlcGVYRFlTNnRoM01ldnlJT1lkVWFLVUp0amNpRU1RbEJaRmdzRUJMR0Z6YktBLWxxdkR6NlBHX3EzZktPa08yQkxaeGh6ak8wbUZMdXltNlFad3RNcVdQRU9yMzdqOWs2aENwdUNocVpFU25wbnFqY1R5eWMzNFpLSjQxOVVNM1l4VFRkS3NxemJJQWgxc2puc3c1ZXFQX3VkSGN0c2ZSTVpCZFRtOU1kbDFaQXQxVHlCMzAxczFZcDFmaDZGNVF1MmdSXzRDaHJPOWxUSE9KY0llODhkbzhnT0k?oc=5"" target=""_blank"">AI熱潮續延燒 專家點名台積電、Alphabet、博通為四月強勢買進股</a>&nbsp;&nbsp;<font color=""#6f6f6f"">商傳媒</font>",https://news.google.com/rss/articles/CBMijANBVV95cUxQdG9Bclp2WFM0VmVmMkQ0eGlOVWJnR0ctcHA3cjI2T3JJWTJfLXlQSjROZVQwWEVZbjRjQjZuM0YxVUt6WkNjU3laSDB0a3JsZkswZlpDdFpucjUtaHdtcWFRbGE1ZjJ6cklUZWNpVzlrVXBHWlFIZnhkMG5Ca2Vna3ZWTVdvVERQT3ZWM1JpdmpsZnZ4V2laR084Q09ncU9xT0kzc2JDazZHVk4ydm9GUkxlcGVYRFlTNnRoM01ldnlJT1lkVWFLVUp0amNpRU1RbEJaRmdzRUJMR0Z6YktBLWxxdkR6NlBHX3EzZktPa08yQkxaeGh6ak8wbUZMdXltNlFad3RNcVdQRU9yMzdqOWs2aENwdUNocVpFU25wbnFqY1R5eWMzNFpLSjQxOVVNM1l4VFRkS3NxemJJQWgxc2puc3c1ZXFQX3VkSGN0c2ZSTVpCZFRtOU1kbDFaQXQxVHlCMzAxczFZcDFmaDZGNVF1MmdSXzRDaHJPOWxUSE9KY0llODhkbzhnT0k?oc=5
2026-03-23,【即時新聞】台積電今日受中東緊張局勢影響，股價若跌破1700元將吸引長線買盤 - cmnews.com.tw,"<a href=""https://news.google.com/rss/articles/CBMikAFBVV95cUxNZ3lHeGlROEVKTndkeWZTWW5Kc0RVZWxEWXNsZ3ZlMi0zN1BSczZSREV6N2stLS1HTlJjaGc0MF9mbUFBM0ZZZ2x5WUZOZnY3alpWNHg4R3FqYXYtSDNOTkdIMkxVbGVCckxKNUpXcmo0YU5mUEFOeVhTaE9ESldtUzR5QjhsN2hNMUIzd0JidUw?oc=5"" target=""_blank"">【即時新聞】台積電今日受中東緊張局勢影響，股價若跌破1700元將吸引長線買盤</a>&nbsp;&nbsp;<font color=""#6f6f6f"">cmnews.com.tw</font>",https://news.google.com/rss/articles/CBMikAFBVV95cUxNZ3lHeGlROEVKTndkeWZTWW5Kc0RVZWxEWXNsZ3ZlMi0zN1BSczZSREV6N2stLS1HTlJjaGc0MF9mbUFBM0ZZZ2x5WUZOZnY3alpWNHg4R3FqYXYtSDNOTkdIMkxVbGVCckxKNUpXcmo0YU5mUEFOeVhTaE9ESldtUzR5QjhsN2hNMUIzd0JidUw?oc=5
2026-03-23,地緣政治加劇！台積電卻仍穩如泰山 無懼理由外媒全說了 - 自由財經,"<a href=""https://news.google.com/rss/articles/CBMiX0FVX3lxTE9sS0kxQzNBRFg1WE8xNVJCajZ5a1dZeUxNSnQ3ajJIMDlhT3lKczZvZUVXRjVkOW9PLUJndTc4S3UydG9vSnFMbERxN0cyLVUtcmloSk9JbmJjcjlpb0VJ0gFkQVVfeXFMTVpXdDg4cHR1UzdWUUlCZ0dYc19QSXBfNmYxY0xpYVljbXU4b2liOW9zNnB4NDVLVVhPQmdhaDdWdURSdXpaNW5WZm1rSjI4ZlE3RldyLWdhX3ZBVkIzajlxaFVldA?oc=5"" target=""_blank"">地緣政治加劇！台積電卻仍穩如泰山 無懼理由外媒全說了</a>&nbsp;&nbsp;<font color=""#6f6f6f"">自由財經</font>",https://news.google.com/rss/articles/CBMiX0FVX3lxTE9sS0kxQzNBRFg1WE8xNVJCajZ5a1dZeUxNSnQ3ajJIMDlhT3lKczZvZUVXRjVkOW9PLUJndTc4S3UydG9vSnFMbERxN0cyLVUtcmloSk9JbmJjcjlpb0VJ0gFkQVVfeXFMTVpXdDg4cHR1UzdWUUlCZ0dYc19QSXBfNmYxY0xpYVljbXU4b2liOW9zNnB4NDVLVVhPQmdhaDdWdURSdXpaNW5WZm1rSjI4ZlE3RldyLWdhX3ZBVkIzajlxaFVldA?oc=5
2026-03-24,合庫金股利創3年新高 現金加股票共1.05元 - Yahoo股市,"<a href=""https://news.google.com/rss/articles/CBMiowJBVV95cUxObTdvMm5OdloxSjdOWTVic3A3OFVqS2NYd2s1ampqV1B4NGJIVkRLMWxieF94SzJ1UW1OQ2J3X29rVE9FbGs2ZTVXODRxeVJuc2tqS2poZHNpc2FUUVFMbGFXMUdNRjN3OUdqdEx6SmszaDY2SU82dm5JSEdqNnltWjA3Ym9xdTRESlFFczNNTHBCOW4wOS1zbXgzV3JnUlVCUDRJNFRqbHRYdG1jMGxZOWI3OGdHdzJDakxqV2xuZ3JqVlN2V2RrMXNKSmZ6MFVEb1dJVEJ3LWVZczB2N2VDa2dVazBvbGVjelppRTNzRzFSWlltOEFzUWlQMnZObnlHSTVWc1NVZGhTVW92Wk9GN2hZR2V0Y1dIMk5kNFVpdHFULTQ?oc=5"" target=""_blank"">合庫金股利創3年新高 現金加股票共1.05元</a>&nbsp;&nbsp;<font color=""#6f6f6f"">Yahoo股市</font>",https://news.google.com/rss/articles/CBMiowJBVV95cUxObTdvMm5OdloxSjdOWTVic3A3OFVqS2NYd2s1ampqV1B4NGJIVkRLMWxieF94SzJ1UW1OQ2J3X29rVE9FbGs2ZTVXODRxeVJuc2tqS2poZHNpc2FUUVFMbGFXMUdNRjN3OUdqdEx6SmszaDY2SU82dm5JSEdqNnltWjA3Ym9xdTRESlFFczNNTHBCOW4wOS1zbXgzV3JnUlVCUDRJNFRqbHRYdG1jMGxZOWI3OGdHdzJDakxqV2xuZ3JqVlN2V2RrMXNKSmZ6MFVEb1dJVEJ3LWVZczB2N2VDa2dVazBvbGVjelppRTNzRzFSWlltOEFzUWlQMnZObnlHSTVWc1NVZGhTVW92Wk9GN2hZR2V0Y1dIMk5kNFVpdHFULTQ?oc=5
2026-03-24,伊朗戰爭衝擊美國股市 川普宣布「寬限期」市場反彈 - Yahoo股市,"<a href=""https://news.google.com/rss/articles/CBMi2wJBVV95cUxNRTdzTV9VV05FaGtKcDNjYWRjTW9wQ29iMGR6NkRFQU5hNGhVMUFIX0h0X2ppcUttaUJfMGtYa1BfM1JYb21WczVIQTAxZ1lZMnc3X0drNG5LY3U5LWJGdE5Qd0xmT3k5MFBFX0tYVjBfckZtUjhfZFk3Y1pCSTYweDA1d3h3N0Z0dVJDcFl1bkF0anFvWkZvRndpdEt3SnZ0NFJsVzlXLUczb3pudzNXZ0d5RU1ibURqb3p4djQzaTc4d2FUajJCYzNUVHJLbGp0VEFEbXZ3T25OZnNvaWxCRW1qMkFVVVFyZWlaVEltZk9nMUExVzYtQ0llN21JU3VicDhxenRfT1g3ZXZMbWNmQTNfcV9mOUFWTUFRRUV6RUpQLVlaeXNabzdfWlIzRGw4Y2p6S3EyNUc5dGF1SVBiM0R2T25TV2htcFl3R0ZfU0c4UmY0Tk1fbXl1cw?oc=5"" target=""_blank"">伊朗戰爭衝擊美國股市 川普宣布「寬限期」市場反彈</a>&nbsp;&nbsp;<font color=""#6f6f6f"">Yahoo股市</font>",https://news.google.com/rss/articles/CBMi2wJBVV95cUxNRTdzTV9VV05FaGtKcDNjYWRjTW9wQ29iMGR6NkRFQU5hNGhVMUFIX0h0X2ppcUttaUJfMGtYa1BfM1JYb21WczVIQTAxZ1lZMnc3X0drNG5LY3U5LWJGdE5Qd0xmT3k5MFBFX0tYVjBfckZtUjhfZFk3Y1pCSTYweDA1d3h3N0Z0dVJDcFl1bkF0anFvWkZvRndpdEt3SnZ0NFJsVzlXLUczb3pudzNXZ0d5RU1ibURqb3p4djQzaTc4d2FUajJCYzNUVHJLbGp0VEFEbXZ3T25OZnNvaWxCRW1qMkFVVVFyZWlaVEltZk9nMUExVzYtQ0llN21JU3VicDhxenRfT1g3ZXZMbWNmQTNfcV9mOUFWTUFRRUV6RUpQLVlaeXNabzdfWlIzRGw4Y2p6S3EyNUc5dGF1SVBiM0R2T25TV2htcFl3R0ZfU0c4UmY0Tk1fbXl1cw?oc=5
2026-03-20,拾荒老兵趙衍慶病逝享耆壽91歲 擁「台積電股票」身後財產流向曝 - Yahoo新聞,"<a href=""https://news.google.com/rss/articles/CBMikgNBVV95cUxPY0s4Tjk0NGtHb2NaTDUyR3BZM2JLNEJxMkN0Ri0wTHEyZUpkbG93VjEzWmZ1M1FUVUxlZWE5TzB1cmE5b3NRTkJzRkUyRHVZQU1EZ01VN2hUdWtfVklURU1NUkFWbm1YcDZVZUo4TV9wakxIT0RSaThld3FtcGgzUlZ5a0NydjJwSWhvak1IODlpaGRuaHcwZGl3RDZwbXU0YW16QVBfYk52ZHNKVzRVdVlPcC11ZVQweGt5dURhdnJ4NWpiWHp0aGUyUDBNS0FsNTZnZXlTa0JXS1AxU3hQRjgwMldiMnJxWHVsSFdRRV9hQVVFcFl3amY1TmE2WVltT2FWc29kMWprcmF2U2kwd3Azcl9ZX093Y2ZSZjNRbF9CWC1vYXJwRWhrLUROYWZmYVpnVXdOMXZGb0ZSdndHWUU1RkFLbTlRbEhGUDNKWEUzTFZJUXI2cjlmeE40SFdSQWMzOHc3MVllb2w4NWg3b1dEdUdxV3Radk43eTdCU1RLeFQ0VlJtVnNZMV9sbjJxYnc?oc=5"" target=""_blank"">拾荒老兵趙衍慶病逝享耆壽91歲 擁「台積電股票」身後財產流向曝</a>&nbsp;&nbsp;<font color=""#6f6f6f"">Yahoo新聞</font>",https://news.google.com/rss/articles/CBMikgNBVV95cUxPY0s4Tjk0NGtHb2NaTDUyR3BZM2JLNEJxMkN0Ri0wTHEyZUpkbG93VjEzWmZ1M1FUVUxlZWE5TzB1cmE5b3NRTkJzRkUyRHVZQU1EZ01VN2hUdWtfVklURU1NUkFWbm1YcDZVZUo4TV9wakxIT0RSaThld3FtcGgzUlZ5a0NydjJwSWhvak1IODlpaGRuaHcwZGl3RDZwbXU0YW16QVBfYk52ZHNKVzRVdVlPcC11ZVQweGt5dURhdnJ4NWpiWHp0aGUyUDBNS0FsNTZnZXlTa0JXS1AxU3hQRjgwMldiMnJxWHVsSFdRRV9hQVVFcFl3amY1TmE2WVltT2FWc29kMWprcmF2U2kwd3Azcl9ZX093Y2ZSZjNRbF9CWC1vYXJwRWhrLUROYWZmYVpnVXdOMXZGb0ZSdndHWUU1RkFLbTlRbEhGUDNKWEUzTFZJUXI2cjlmeE40SFdSQWMzOHc3MVllb2w4NWg3b1dEdUdxV3Radk43eTdCU1RLeFQ0VlJtVnNZMV9sbjJxYnc?oc=5
2026-03-19,立委投資解密：立委愛買什麼股票？台積電竟然只排第二名 - Yahoo新聞,"<a href=""https://news.google.com/rss/articles/CBMiiwNBVV95cUxQTWMxTDd4RVRzeF8zSWxreHV6blpiLW5YRC1wUFpHM2c4MEcyU2dvUWd1MDNObDZSRzlKZTRFTWp0ZWJpM0JlZTRuWDNSaXhrdXJIM2RLX3hjM3dLRjhUOVBHLUZNNFNrdl81Z0tBN3REMV9Cb29KaDk3bENpWjJ0YThlQkVWY3dZWTVIWEFqOGVpUUNjdlNPOVBlWk5YLTdUa3RvNFFDU3kzLVR1cVRIX1d0X2xQeEVYVmRjeElZaXp5VHYtU2lhd0I4TU5nNkp5c0JQNTM2Vm03OXhrbjFDZGFDXzNxaWppUjhYZnh5aWRvX1N2S0Zua2std3hLVEdxSTZmcWprbnYyNEsyN0NZRlR5MlVDai1ZaHg2NVl4ZU5lZG1HcTNobUNFeG9zODFKR2k4TUwyTnprTDZ5OHprMnByV3Q5bVNKdUZTUDRNYlhaY3FrN3VsNGR3VnAyM0VjSE1LcnVobFIxaG5yQXl3UGhxcVo2YlZQbVBVZnoxMzJ2OUY4MWRNR0kxTQ?oc=5"" target=""_blank"">立委投資解密：立委愛買什麼股票？台積電竟然只排第二名</a>&nbsp;&nbsp;<font color=""#6f6f6f"">Yahoo新聞</font>",https://news.google.com/rss/articles/CBMiiwNBVV95cUxQTWMxTDd4RVRzeF8zSWxreHV6blpiLW5YRC1wUFpHM2c4MEcyU2dvUWd1MDNObDZSRzlKZTRFTWp0ZWJpM0JlZTRuWDNSaXhrdXJIM2RLX3hjM3dLRjhUOVBHLUZNNFNrdl81Z0tBN3REMV9Cb29KaDk3bENpWjJ0YThlQkVWY3dZWTVIWEFqOGVpUUNjdlNPOVBlWk5YLTdUa3RvNFFDU3kzLVR1cVRIX1d0X2xQeEVYVmRjeElZaXp5VHYtU2lhd0I4TU5nNkp5c0JQNTM2Vm03OXhrbjFDZGFDXzNxaWppUjhYZnh5aWRvX1N2S0Zua2std3hLVEdxSTZmcWprbnYyNEsyN0NZRlR5MlVDai1ZaHg2NVl4ZU5lZG1HcTNobUNFeG9zODFKR2k4TUwyTnprTDZ5OHprMnByV3Q5bVNKdUZTUDRNYlhaY3FrN3VsNGR3VnAyM0VjSE1LcnVobFIxaG5yQXl3UGhxcVo2YlZQbVBVZnoxMzJ2OUY4MWRNR0kxTQ?oc=5
2026-03-19,這檔股強過台積電？專家：未來3年成長力驚人 - Yahoo股市,"<a href=""https://news.google.com/rss/articles/CBMitwJBVV95cUxQZ08tMDh5U0dQdURKVnBrTzBQTEc5V2IxRnBWR0wzeEFYWGQ4YWxxbzF2aXlCVG9rUVN4ZU5WbnFONHl0akNpODUzSzNsd1pSTmJpRy1SdnRKSEUwUC1IUHVUWDRQV3pRMUNXZXVhTGZlaWZES0JKYVNWTGJiUmdfaWpaZno4OEgyLW9LdGpKMVdBOE41bzVZdzJkMmJaUWhZVlBTSVN3ZGhweFBuQ0lDeDlFcmlqUjJ2WWpYVmt5UlJlOXJ5OVdwa0F2UHdtTDl5NEFfUkp3VWN6RW1VMk1Tc3dqWVhGcGxZeWVjY2FjMTNxU19TX2taOWl0QzhYSVQyZUp5VnByeVBjQ0dEUUhxM2ZQcWNUQXdwZGtpS29TQ1lMaHRoaS1QbXRmdlFYc2RuQ1N0LTVoZw?oc=5"" target=""_blank"">這檔股強過台積電？專家：未來3年成長力驚人</a>&nbsp;&nbsp;<font color=""#6f6f6f"">Yahoo股市</font>",https://news.google.com/rss/articles/CBMitwJBVV95cUxQZ08tMDh5U0dQdURKVnBrTzBQTEc5V2IxRnBWR0wzeEFYWGQ4YWxxbzF2aXlCVG9rUVN4ZU5WbnFONHl0akNpODUzSzNsd1pSTmJpRy1SdnRKSEUwUC1IUHVUWDRQV3pRMUNXZXVhTGZlaWZES0JKYVNWTGJiUmdfaWpaZno4OEgyLW9LdGpKMVdBOE41bzVZdzJkMmJaUWhZVlBTSVN3ZGhweFBuQ0lDeDlFcmlqUjJ2WWpYVmt5UlJlOXJ5OVdwa0F2UHdtTDl5NEFfUkp3VWN6RW1VMk1Tc3dqWVhGcGxZeWVjY2FjMTNxU19TX2taOWl0QzhYSVQyZUp5VnByeVBjQ0dEUUhxM2ZQcWNUQXdwZGtpS29TQ1lMaHRoaS1QbXRmdlFYc2RuQ1N0LTVoZw?oc=5
2026-03-24,拾荒老兵竟是隱形富豪！趙衍慶91歲辭世 遺產「持有大量台積電」去向曝光 - Yahoo新聞,"<a href=""https://news.google.com/rss/articles/CBMitwNBVV95cUxOUWZEcEFycEZXR1U2VUpKZXlDSHpJcUQ2QWNjVlIzNEEwZld3N1h0VHdsWmxoRkJYWU9oMWJFdmtQbXhYRE1uU3dCbE9NYWNwd2hVNGxBaW9PNEhmdFRvZTItc3k2LXQtQ1VfNUZjNmE2Y2VlUU9VdmdQWlYtVXM4VkxWY1V4ZFRzaUtIUE9mTjRFN255MFlUZVNKYVVYR0Z4X3BsT0hPamdwR3FaNHZDVUk3czRUaGp6Ym42N1BvRTR1ejZrdkNpUDJkUGlpSzFnRVJXN21PSmNpRGFwQUxpcHpwMzZXcGV2SUc3S09yemVWcXZKRHo0MGRlb0VuMmRNOGJBbVZwN3hBX09zRHA0TnE2R2NOSEZpVlM3WU15MFlRd1h2TThTMnNJaWVDSGo3WVMxUVRieERFb0RaMnNWTUFqUUtmQmNSZVE2UGVuUjZRU2dmdGdhU1lqOVRRd21qb21Gd1A2N3dZb1JVWDI5RTVLVHJIZUphREp5NXlITmt5eDRKSHhLOEJmUFhzSEppSXgzd0NtbFJqYjF6djNHeXoxMFZzdDAyeGY0RjFuYklJOG93dnZr?oc=5"" target=""_blank"">拾荒老兵竟是隱形富豪！趙衍慶91歲辭世 遺產「持有大量台積電」去向曝光</a>&nbsp;&nbsp;<font color=""#6f6f6f"">Yahoo新聞</font>",https://news.google.com/rss/articles/CBMitwNBVV95cUxOUWZEcEFycEZXR1U2VUpKZXlDSHpJcUQ2QWNjVlIzNEEwZld3N1h0VHdsWmxoRkJYWU9oMWJFdmtQbXhYRE1uU3dCbE9NYWNwd2hVNGxBaW9PNEhmdFRvZTItc3k2LXQtQ1VfNUZjNmE2Y2VlUU9VdmdQWlYtVXM4VkxWY1V4ZFRzaUtIUE9mTjRFN255MFlUZVNKYVVYR0Z4X3BsT0hPamdwR3FaNHZDVUk3czRUaGp6Ym42N1BvRTR1ejZrdkNpUDJkUGlpSzFnRVJXN21PSmNpRGFwQUxpcHpwMzZXcGV2SUc3S09yemVWcXZKRHo0MGRlb0VuMmRNOGJBbVZwN3hBX09zRHA0TnE2R2NOSEZpVlM3WU15MFlRd1h2TThTMnNJaWVDSGo3WVMxUVRieERFb0RaMnNWTUFqUUtmQmNSZVE2UGVuUjZRU2dmdGdhU1lqOVRRd21qb21Gd1A2N3dZb1JVWDI5RTVLVHJIZUphREp5NXlITmt5eDRKSHhLOEJmUFhzSEppSXgzd0NtbFJqYjF6djNHeXoxMFZzdDAyeGY0RjFuYklJOG93dnZr?oc=5
2026-03-23,0050 又見搶買潮！零股1天爆2288萬股 吸金近17億元 - Yahoo股市,"<a href=""https://news.google.com/rss/articles/CBMiuAJBVV95cUxQM1ctdXR1VFdqVGwxM3laS3dMU0NuU1o1dk45S1lUSHVHOEc5TmZtWmFkSG5fR1VTaHZsaVZTemFMYi1QZEhNV3FEQ09mMy1xeDZxV3g1R0h2bk83Y25xeFlBSGhRMFNNTUNYbVZ5TkZyaVE2SWg5VnZ6WlhaajdVSXJrV24zeEg1MDk2OFBTeV9vVjhTYVVzbkJLdVFnRUI2S0RVeWVMbkJOcHRkalhveTZqb3ptWG9QWFRLV0pwTlU3cHo3RkVhLUdXT1c3TXJ5c3RvWWZ6SFhHVkNJdmpvM05PVEdtSGx2TFN6Y05kWGVRWTZMcFhsOFJqWHNtdEpNY3lrdWd2SEhFYkNZTS1EMEJWRTM2aU80X2lteXVramw2TmVqdmJWeFhvTVA5ZVpSRGw3eVVDSTY?oc=5"" target=""_blank"">0050 又見搶買潮！零股1天爆2288萬股 吸金近17億元</a>&nbsp;&nbsp;<font color=""#6f6f6f"">Yahoo股市</font>",https://news.google.com/rss/articles/CBMiuAJBVV95cUxQM1ctdXR1VFdqVGwxM3laS3dMU0NuU1o1dk45S1lUSHVHOEc5TmZtWmFkSG5fR1VTaHZsaVZTemFMYi1QZEhNV3FEQ09mMy1xeDZxV3g1R0h2bk83Y25xeFlBSGhRMFNNTUNYbVZ5TkZyaVE2SWg5VnZ6WlhaajdVSXJrV24zeEg1MDk2OFBTeV9vVjhTYVVzbkJLdVFnRUI2S0RVeWVMbkJOcHRkalhveTZqb3ptWG9QWFRLV0pwTlU3cHo3RkVhLUdXT1c3TXJ5c3RvWWZ6SFhHVkNJdmpvM05PVEdtSGx2TFN6Y05kWGVRWTZMcFhsOFJqWHNtdEpNY3lrdWd2SEhFYkNZTS1EMEJWRTM2aU80X2lteXVramw2TmVqdmJWeFhvTVA5ZVpSRGw3eVVDSTY?oc=5
2026-03-04,Richard C. Young & CO. 增持台積電股票 價值約55.9萬美元 - Yahoo股市,"<a href=""https://news.google.com/rss/articles/CBMiyAFBVV95cUxNN3NHX3kwZWFBMElyNXR1YV9kQ21OU1BUcWRyOERGMzNja3JmUG9PUVZfV3kxU3pzNXVaYVdvRk9uTGVlZU9HbWoxa3hkTnJ4SlRnc3ZNMkd2OTcyTTNaVDhpR2ppTmZyOTVCd25uTFV0WDBsbTc5dHoteDZxUkVHTVYxVmtZZzlfWWUyMHVTTXpiWlhqaTE4SWFWUjBreVZibDBmZ1F6M2NVbm5LZGxzb29ycEUta3JDYXo4d0JKelg1RUFtazlERg?oc=5"" target=""_blank"">Richard C. Young & CO. 增持台積電股票 價值約55.9萬美元</a>&nbsp;&nbsp;<font color=""#6f6f6f"">Yahoo股市</font>",https://news.google.com/rss/articles/CBMiyAFBVV95cUxNN3NHX3kwZWFBMElyNXR1YV9kQ21OU1BUcWRyOERGMzNja3JmUG9PUVZfV3kxU3pzNXVaYVdvRk9uTGVlZU9HbWoxa3hkTnJ4SlRnc3ZNMkd2OTcyTTNaVDhpR2ppTmZyOTVCd25uTFV0WDBsbTc5dHoteDZxUkVHTVYxVmtZZzlfWWUyMHVTTXpiWlhqaTE4SWFWUjBreVZibDBmZ1F6M2NVbm5LZGxzb29ycEUta3JDYXo4d0JKelg1RUFtazlERg?oc=5
2026-03-16,預言台積電漲到2千！他再發威：目標價3000 - Yahoo股市,"<a href=""https://news.google.com/rss/articles/CBMimAJBVV95cUxPaU9qaTJ4akxTZVlRTy1uMDNwd0xKakMzcnNTSU9POXM2djBRZG1ORlM0ZXFSb0tFQ0pZSDhCQW1SaEwxcjZIR2drWUI2S2tXM04xZE9hdGJ2NDZROWhBZi1hb2cxSVZhRDNsYWh0bjg2VjU1S0lZZWFjNlEweGpJTXJFWm92WV9KTW83T0RuQzNZdHZEUFZEX0pWdGlVMlNVUU9jRmNpR1Q0UjllWFp5V2Y1V19kS2h3RXpyazRMZ1F3eVZ3b1RTYTFkZ20tVGg0aDQ2WTdzeW9aNllESDBza3pfNXZoWlh3TzBYWmdwb280dEg1dzhRdS1veVRuSzR2bWtvQnBJajA3V0J4RlNWcHFXcENibU9H?oc=5"" target=""_blank"">預言台積電漲到2千！他再發威：目標價3000</a>&nbsp;&nbsp;<font color=""#6f6f6f"">Yahoo股市</font>",https://news.google.com/rss/articles/CBMimAJBVV95cUxPaU9qaTJ4akxTZVlRTy1uMDNwd0xKakMzcnNTSU9POXM2djBRZG1ORlM0ZXFSb0tFQ0pZSDhCQW1SaEwxcjZIR2drWUI2S2tXM04xZE9hdGJ2NDZROWhBZi1hb2cxSVZhRDNsYWh0bjg2VjU1S0lZZWFjNlEweGpJTXJFWm92WV9KTW83T0RuQzNZdHZEUFZEX0pWdGlVMlNVUU9jRmNpR1Q0UjllWFp5V2Y1V19kS2h3RXpyazRMZ1F3eVZ3b1RTYTFkZ20tVGg0aDQ2WTdzeW9aNllESDBza3pfNXZoWlh3TzBYWmdwb280dEg1dzhRdS1veVRuSzR2bWtvQnBJajA3V0J4RlNWcHFXcENibU9H?oc=5
2026-03-04,機構投資人增持台積電股票 目標價上看391美元 - Yahoo股市,"<a href=""https://news.google.com/rss/articles/CBMixAJBVV95cUxOUk5xY0ZKaWN2emgxSEhNMHVDdnJxYjhaM1k4N2phSGVoaUxFRlEyZHNPOUxLVkVpSTZBMWk0akN0SlE1VzVjS3lRa1dfYUc3U1ZjNVdTdDZBWXBuX2J3MkMydVVlSVBzZk1YOGtxMmcyNVhWazJUOGdaX2J1VlpEbFYwQV9oR1pBSWRBSm02TDJnMkx5SmpKZ3RvNDBFd2RtcjhpalRZaW9PUFRtZHhCNmVvcWpmRlRBVDE4RFI4VXV3R0xhS04zaUhmbnNkV2xFbU9zeXJURkNHMHBjTXlNeTZYSnBfMDZwcVI0aW94VXlPblVJQ0dSTlVhNF9DU1VqV2M4c25IcFRoYV9sXzFfZlBmUDUtT3hnTG1IYlFoeHpyd3NFYmJMV19HZ0ZsS1hHSTVuUWUzenBjZFJrYnl2UXRvVlg?oc=5"" target=""_blank"">機構投資人增持台積電股票 目標價上看391美元</a>&nbsp;&nbsp;<font color=""#6f6f6f"">Yahoo股市</font>",https://news.google.com/rss/articles/CBMixAJBVV95cUxOUk5xY0ZKaWN2emgxSEhNMHVDdnJxYjhaM1k4N2phSGVoaUxFRlEyZHNPOUxLVkVpSTZBMWk0akN0SlE1VzVjS3lRa1dfYUc3U1ZjNVdTdDZBWXBuX2J3MkMydVVlSVBzZk1YOGtxMmcyNVhWazJUOGdaX2J1VlpEbFYwQV9oR1pBSWRBSm02TDJnMkx5SmpKZ3RvNDBFd2RtcjhpalRZaW9PUFRtZHhCNmVvcWpmRlRBVDE4RFI4VXV3R0xhS04zaUhmbnNkV2xFbU9zeXJURkNHMHBjTXlNeTZYSnBfMDZwcVI0aW94VXlPblVJQ0dSTlVhNF9DU1VqV2M4c25IcFRoYV9sXzFfZlBmUDUtT3hnTG1IYlFoeHpyd3NFYmJMV19HZ0ZsS1hHSTVuUWUzenBjZFJrYnl2UXRvVlg?oc=5
2026-03-04,台積電飆逾5%衝1960元！市值回補逾2兆元 股市名師李永年看好續漲 - Yahoo股市,"<a href=""https://news.google.com/rss/articles/CBMinANBVV95cUxNUUlXNERhTGFnSUtabDRXVmw1RDltak43VEpSVTc3SndhUVFxTWdCX0JWZklqVndjbnBxUWxLYkVGVjFGeHRrRWhrTjdXdnFkN1FxdWhqdjlSV1hkdE1tZGJ5R21IdVRZa25MQjZCTDhqVW5TSXQxMU1rb1RIVEhmZHRtS0d1cGZWTklOZ0J4RDJmMXpQZmFNSDZ6WURXeUJQLXR0d1pEVHg1MUg4RW1SUnNBbUlCT3FSd3Rvby1SXzMzN3UtQl9HQmFKbEFtYWZSUUw4RVhFYkRpc01MTU5ONlh6bWtyekpPMzRSYlJDdUppbTFBcC1EN09peTRTdFh3TkNZdjM2Q2JUb3VDa3pnQlRxWGZmalBWdHVDd1hPYS14YWJTWU13VUZENnBUNXVNSTFfS0h4Skc0UXR3ZnIwWHlRdmRKUWNnX2Rla2hRdVhpMm1WU2NldmpKZGlvelN1Ymt4aWdpd1BIVFl5TmdZdkZONXlnLUFiR3BPUEpmRG9GSmZIOXFWMl82WmNxcFJKd2VqU2Z3UUViQUty?oc=5"" target=""_blank"">台積電飆逾5%衝1960元！市值回補逾2兆元 股市名師李永年看好續漲</a>&nbsp;&nbsp;<font color=""#6f6f6f"">Yahoo股市</font>",https://news.google.com/rss/articles/CBMinANBVV95cUxNUUlXNERhTGFnSUtabDRXVmw1RDltak43VEpSVTc3SndhUVFxTWdCX0JWZklqVndjbnBxUWxLYkVGVjFGeHRrRWhrTjdXdnFkN1FxdWhqdjlSV1hkdE1tZGJ5R21IdVRZa25MQjZCTDhqVW5TSXQxMU1rb1RIVEhmZHRtS0d1cGZWTklOZ0J4RDJmMXpQZmFNSDZ6WURXeUJQLXR0d1pEVHg1MUg4RW1SUnNBbUlCT3FSd3Rvby1SXzMzN3UtQl9HQmFKbEFtYWZSUUw4RVhFYkRpc01MTU5ONlh6bWtyekpPMzRSYlJDdUppbTFBcC1EN09peTRTdFh3TkNZdjM2Q2JUb3VDa3pnQlRxWGZmalBWdHVDd1hPYS14YWJTWU13VUZENnBUNXVNSTFfS0h4Skc0UXR3ZnIwWHlRdmRKUWNnX2Rla2hRdVhpMm1WU2NldmpKZGlvelN1Ymt4aWdpd1BIVFl5TmdZdkZONXlnLUFiR3BPUEpmRG9GSmZIOXFWMl82WmNxcFJKd2VqU2Z3UUViQUty?oc=5
2026-02-27,還在等進場？台積電股價快追上股號 財經作家曝：9成台灣人沒持股 - Yahoo股市,"<a href=""https://news.google.com/rss/articles/CBMipANBVV95cUxPaEp4Y2VmUDEtNnRndnhqVmZfN2tVcnFQR0dXTVFHNzdMVVVfMkJTS0ZNT3QyRG5vRFNINEJRbHNZV003TXRvUTEwM1h6b0RlQ1B6dWRob2NsNFFyV1hVTVVmM0pSbFQ4STFpRmRuRUlCMktUa3pNMGlaRThEOWdDZmZCOVFMZFBWMDBRenBMSGtZNExLU3p1bzZkdlNzRHNNRDgzc1VTSjZNTUlrUkl5Sm5ZYUMwaUR5ZTBqSFhlY1ZuY3pmdUlTSnJCRWNSc1hRWDNBalBld3UwZnpTRmRJSGYxRXktdmRxZ1VxeThid3FVNDE5Snh4c3F0ZXhDNjNteGt6QWNlaE1CTjhrZktuNVdYSThwSndjXzFzZHFyMWNHOTk1dk1kTV8ycDItb0JLbk1kT1RwMkJrMC1vLWRRWGVrOXhxZURzRlJPb1huOGxGU2V4Zk9ma0Q5NjJSYVM5b3V4cjdPNTMwdGRjX1FMbGlrRExFQ3lGYmQ0STRmS0ZQdE51Snc3d21aRUsxZHlhZzRka2xna1FtVjd1aEhJVm5ueG0?oc=5"" target=""_blank"">還在等進場？台積電股價快追上股號 財經作家曝：9成台灣人沒持股</a>&nbsp;&nbsp;<font color=""#6f6f6f"">Yahoo股市</font>",https://news.google.com/rss/articles/CBMipANBVV95cUxPaEp4Y2VmUDEtNnRndnhqVmZfN2tVcnFQR0dXTVFHNzdMVVVfMkJTS0ZNT3QyRG5vRFNINEJRbHNZV003TXRvUTEwM1h6b0RlQ1B6dWRob2NsNFFyV1hVTVVmM0pSbFQ4STFpRmRuRUlCMktUa3pNMGlaRThEOWdDZmZCOVFMZFBWMDBRenBMSGtZNExLU3p1bzZkdlNzRHNNRDgzc1VTSjZNTUlrUkl5Sm5ZYUMwaUR5ZTBqSFhlY1ZuY3pmdUlTSnJCRWNSc1hRWDNBalBld3UwZnpTRmRJSGYxRXktdmRxZ1VxeThid3FVNDE5Snh4c3F0ZXhDNjNteGt6QWNlaE1CTjhrZktuNVdYSThwSndjXzFzZHFyMWNHOTk1dk1kTV8ycDItb0JLbk1kT1RwMkJrMC1vLWRRWGVrOXhxZURzRlJPb1huOGxGU2V4Zk9ma0Q5NjJSYVM5b3V4cjdPNTMwdGRjX1FMbGlrRExFQ3lGYmQ0STRmS0ZQdE51Snc3d21aRUsxZHlhZzRka2xna1FtVjd1aEhJVm5ueG0?oc=5
2026-03-24,把專業化成服務 台積電邁入大志工時代擴及海外 - Yahoo股市,"<a href=""https://news.google.com/rss/articles/CBMi2AJBVV95cUxNMlRuTlkwUW1naXZUeU9MWVhuMUVwWmg1amNrcnhuUm5ueUtjR2ItQ1VFMTRJTk5DWDF5VTNLYVQtQkJzLXpMTXJJWno1b3RzUHBnTmEzVk9EbUNoMHBIaEtzcmd2VDBKWkpNVGhidkcxMUpScVRLVFBrR0JhNjJpSmRfN01wYkpGeHJ0UXNKd09NT3V5dXI3eDBwVVVpX3o5aU5fM0lmdGdobVEtUld3WVI5ank4akpwTmVQUXZWYmhPWDRfbmd6YkJjbjJUT2d3S3ZaWkRkU2dqblc1ODFfYkF6aGFld2pKXy12cnlVeUU3Ny13WTJYdWxDcTFHY21VVVpJUHVrdUZDamU5d3RENDZwQ01hN3p0SzRzaExrQVlXSC1xV19KX0poYkJwYmVKa2x3WU9uRndNR2haYjFyVTZhX1RNSDZuN29uQ3Q1SFBYbGxDa2FWaw?oc=5"" target=""_blank"">把專業化成服務 台積電邁入大志工時代擴及海外</a>&nbsp;&nbsp;<font color=""#6f6f6f"">Yahoo股市</font>",https://news.google.com/rss/articles/CBMi2AJBVV95cUxNMlRuTlkwUW1naXZUeU9MWVhuMUVwWmg1amNrcnhuUm5ueUtjR2ItQ1VFMTRJTk5DWDF5VTNLYVQtQkJzLXpMTXJJWno1b3RzUHBnTmEzVk9EbUNoMHBIaEtzcmd2VDBKWkpNVGhidkcxMUpScVRLVFBrR0JhNjJpSmRfN01wYkpGeHJ0UXNKd09NT3V5dXI3eDBwVVVpX3o5aU5fM0lmdGdobVEtUld3WVI5ank4akpwTmVQUXZWYmhPWDRfbmd6YkJjbjJUT2d3S3ZaWkRkU2dqblc1ODFfYkF6aGFld2pKXy12cnlVeUU3Ny13WTJYdWxDcTFHY21VVVpJUHVrdUZDamU5d3RENDZwQ01hN3p0SzRzaExrQVlXSC1xV19KX0poYkJwYmVKa2x3WU9uRndNR2haYjFyVTZhX1RNSDZuN29uQ3Q1SFBYbGxDa2FWaw?oc=5
2026-03-22,台積電股東人數增至246萬人 再創新高 - Yahoo新聞,"<a href=""https://news.google.com/rss/articles/CBMijAJBVV95cUxOX3QzakxBSTktVkJpTUEyczNTQnh6c2xSZlFjb1g1WkQtcmx4ZDR4d2lhTVl2YWZaNUozTDUzZl9ZcVFVU1d4Q0xkQVBLVDY3N1FtcG5WQ0F1Ynd6eHFKaUJMVEhXbUp6NmZKVUsxSmR2eG00Z2doQ29OcVRqNU5XU2FmTG55QmJ2OGNaQzdiTWdJblFpNFBVLXpKRDdhNmttMFcxUDZ5Y3IwT2ZGX1J6N0lvV1JaTjZmZlJZbWhZMEVDWTNrRGUyVlhsQlVDdlBLNmJJTkYzZ3g4WGEzQmRIckZiXzZxeFBYX2FISTJ2b2JRX3hfdWVYTzhpc2ZDdDNFVkRrbEdmNFlpSXR1?oc=5"" target=""_blank"">台積電股東人數增至246萬人 再創新高</a>&nbsp;&nbsp;<font color=""#6f6f6f"">Yahoo新聞</font>",https://news.google.com/rss/articles/CBMijAJBVV95cUxOX3QzakxBSTktVkJpTUEyczNTQnh6c2xSZlFjb1g1WkQtcmx4ZDR4d2lhTVl2YWZaNUozTDUzZl9ZcVFVU1d4Q0xkQVBLVDY3N1FtcG5WQ0F1Ynd6eHFKaUJMVEhXbUp6NmZKVUsxSmR2eG00Z2doQ29OcVRqNU5XU2FmTG55QmJ2OGNaQzdiTWdJblFpNFBVLXpKRDdhNmttMFcxUDZ5Y3IwT2ZGX1J6N0lvV1JaTjZmZlJZbWhZMEVDWTNrRGUyVlhsQlVDdlBLNmJJTkYzZ3g4WGEzQmRIckZiXzZxeFBYX2FISTJ2b2JRX3hfdWVYTzhpc2ZDdDNFVkRrbEdmNFlpSXR1?oc=5
2026-03-24,張忠謀愛將新出路！何麗梅自台積電退休　爆轉戰宏碁獨董 - ETtoday財經雲,"<a href=""https://news.google.com/rss/articles/CBMiUkFVX3lxTE85bzA5Sk1kMVdGaHB5RWdfV0c1Ym11M05lenNzUnhiVXFuVTU0UXRVOV9jY2xrR1BXcjBpTjBrRlNMVXNqZTdfTzBOOW43MVhqN1HSAW5BVV95cUxQdlJyS25aamg4ZGdwUE5PUWlBVUFYY0VteG1DdXlXTWlBMnVvWTlEWHlNdWFVY000ZG5kajI5ZXdybzE0THZ1dEl4aURhYjFJa1RLNnNHNzlQLWpxUk9tUDBkVVhzSDhjQ092cVluZw?oc=5"" target=""_blank"">張忠謀愛將新出路！何麗梅自台積電退休　爆轉戰宏碁獨董</a>&nbsp;&nbsp;<font color=""#6f6f6f"">ETtoday財經雲</font>",https://news.google.com/rss/articles/CBMiUkFVX3lxTE85bzA5Sk1kMVdGaHB5RWdfV0c1Ym11M05lenNzUnhiVXFuVTU0UXRVOV9jY2xrR1BXcjBpTjBrRlNMVXNqZTdfTzBOOW43MVhqN1HSAW5BVV95cUxQdlJyS25aamg4ZGdwUE5PUWlBVUFYY0VteG1DdXlXTWlBMnVvWTlEWHlNdWFVY000ZG5kajI5ZXdybzE0THZ1dEl4aURhYjFJa1RLNnNHNzlQLWpxUk9tUDBkVVhzSDhjQ092cVluZw?oc=5
2026-03-23,台股跌逾千點失守3萬3 台積電力守1800元、鴻海跌破郭台銘退休價 - 民報,"<a href=""https://news.google.com/rss/articles/CBMiZEFVX3lxTE1HalRUMVNQeDVBdHh4bGpxMXgwY05nWjRlNVNMV2M4R1ZRWGhFVDJrT1VzYlU0R29zNWlhaEVqdjJ5cE5lTGlYWTZZM2lMZktPVk53U25hNnE3ZUt2QjkyenBEVC0?oc=5"" target=""_blank"">台股跌逾千點失守3萬3 台積電力守1800元、鴻海跌破郭台銘退休價</a>&nbsp;&nbsp;<font color=""#6f6f6f"">民報</font>",https://news.google.com/rss/articles/CBMiZEFVX3lxTE1HalRUMVNQeDVBdHh4bGpxMXgwY05nWjRlNVNMV2M4R1ZRWGhFVDJrT1VzYlU0R29zNWlhaEVqdjJ5cE5lTGlYWTZZM2lMZktPVk53U25hNnE3ZUt2QjkyenBEVC0?oc=5
2026-03-24,川普宣布暫緩對伊朗軍事行動 全球股市應聲大漲油價重挫 - Yahoo股市,"<a href=""https://news.google.com/rss/articles/CBMiiANBVV95cUxOcUNMNEVVaHBSbjhzRjdoN1hEWTdqSFhicTNYTVN6RENvaUtLWWltcnp5MkNZN0hpQUlaQkswbEtQaG9HSzdlWUJOc2tEcmZPY1dJT3BDU3RVdzhJcW56RC1HNWZ5UTBKT3ZkaDE1ZmFvdkFUbENPSng5U2syUTZ0Q1d3MlpxSTNoUnI1RmJlZldnbnJ2bjBEdXZocFp6NVlSX3ZXTThjSlNFNVFCMTlMZmVYRkxPZVhQNUxlZTVRLWg3eU81VEtmaHl1QUVvaVZrZlozd0lmcjNaMWQ3RWVlbkhBcXhGMWtXUEZDQXJtbzdkamQ3TjlTem84d0NqUmpwMlZzZV9LNzJ6d2lJaEVRT1NjVk1kQ1Qtai0tZUtVMFJPRzdVMEdFMFdZeHF2enhaOU5BQ0NtSnRlUTk2bEV1RHhCby00QmhsdkxHY3d4cTRZMmhZMTlSenZjMGt2ZlhCbXR0QUZKaEszdmxib3dzc2ZlbEcyRVVvVlY5QlEwZUVfaFlUOTZuVg?oc=5"" target=""_blank"">川普宣布暫緩對伊朗軍事行動 全球股市應聲大漲油價重挫</a>&nbsp;&nbsp;<font color=""#6f6f6f"">Yahoo股市</font>",https://news.google.com/rss/articles/CBMiiANBVV95cUxOcUNMNEVVaHBSbjhzRjdoN1hEWTdqSFhicTNYTVN6RENvaUtLWWltcnp5MkNZN0hpQUlaQkswbEtQaG9HSzdlWUJOc2tEcmZPY1dJT3BDU3RVdzhJcW56RC1HNWZ5UTBKT3ZkaDE1ZmFvdkFUbENPSng5U2syUTZ0Q1d3MlpxSTNoUnI1RmJlZldnbnJ2bjBEdXZocFp6NVlSX3ZXTThjSlNFNVFCMTlMZmVYRkxPZVhQNUxlZTVRLWg3eU81VEtmaHl1QUVvaVZrZlozd0lmcjNaMWQ3RWVlbkhBcXhGMWtXUEZDQXJtbzdkamQ3TjlTem84d0NqUmpwMlZzZV9LNzJ6d2lJaEVRT1NjVk1kQ1Qtai0tZUtVMFJPRzdVMEdFMFdZeHF2enhaOU5BQ0NtSnRlUTk2bEV1RHhCby00QmhsdkxHY3d4cTRZMmhZMTlSenZjMGt2ZlhCbXR0QUZKaEszdmxib3dzc2ZlbEcyRVVvVlY5QlEwZUVfaFlUOTZuVg?oc=5
2026-03-24,70歲台積電“大總管”下月退休，她的身價超84億 - 鉅亨號,"<a href=""https://news.google.com/rss/articles/CBMiSEFVX3lxTFB5VDlVZEx0aDNHNkhBQkFnbkpLUWthMDU0aUNNM0xmVTdSUGZqN2s1YUlUZnFWa2lUZ2gyLXgySXZYZzBUSlgxZA?oc=5"" target=""_blank"">70歲台積電“大總管”下月退休，她的身價超84億</a>&nbsp;&nbsp;<font color=""#6f6f6f"">鉅亨號</font>",https://news.google.com/rss/articles/CBMiSEFVX3lxTFB5VDlVZEx0aDNHNkhBQkFnbkpLUWthMDU0aUNNM0xmVTdSUGZqN2s1YUlUZnFWa2lUZ2gyLXgySXZYZzBUSlgxZA?oc=5
2026-03-23,台積電一失守1800元！魏哲家身價蒸發19億元 張忠謀縮水300億元 - Yahoo股市,"<a href=""https://news.google.com/rss/articles/CBMiiANBVV95cUxPcjVPVklEZkhJNHNyZ29xX1o4aWJnenZsYllFY21NSkFaRVZmd2pXQ3A0WlZnSmQ2MThiRW9fRlhYYTZTMnRxNlZqMEJEUW9fREtHY3M4b29mcjVZSkF2TUdOc0pQZFVYQkhfci1uSFFnVFJ1NXc0bUpYdTI5R0JLYXlubHMwVk1JQWpEUVc5ZDVLVnZwN2E0N0lJdTRjWExuNGx3M1F0V2RudHdDTldhLWxkSXBSejM4TXExdVhIa2Ffb21DdHU4eE5sNEczRGJfWWlaMEhiWG8zdkdUT0VoY2YwNHk0RDI2NHZIc193TlRUcHNhR0pBLUswbFU3SloxSTRVMFlZRTFTeU1PUGZGejB1TUx2eTVmQndsVEE2SEc3a1B1bnFMb0hPbGY4Z1NndVl3NnlWRlE1VEJWOWRud1pIMk5QVnFJeFNmU0RsLW51V1BhMmlKOFltNXdvMjgyYnB2NC1LRlFqTVNvNV95OFJqRXZxQjdCMHhsczlUT3JyMUhXb3VTRg?oc=5"" target=""_blank"">台積電一失守1800元！魏哲家身價蒸發19億元 張忠謀縮水300億元</a>&nbsp;&nbsp;<font color=""#6f6f6f"">Yahoo股市</font>",https://news.google.com/rss/articles/CBMiiANBVV95cUxPcjVPVklEZkhJNHNyZ29xX1o4aWJnenZsYllFY21NSkFaRVZmd2pXQ3A0WlZnSmQ2MThiRW9fRlhYYTZTMnRxNlZqMEJEUW9fREtHY3M4b29mcjVZSkF2TUdOc0pQZFVYQkhfci1uSFFnVFJ1NXc0bUpYdTI5R0JLYXlubHMwVk1JQWpEUVc5ZDVLVnZwN2E0N0lJdTRjWExuNGx3M1F0V2RudHdDTldhLWxkSXBSejM4TXExdVhIa2Ffb21DdHU4eE5sNEczRGJfWWlaMEhiWG8zdkdUT0VoY2YwNHk0RDI2NHZIc193TlRUcHNhR0pBLUswbFU3SloxSTRVMFlZRTFTeU1PUGZGejB1TUx2eTVmQndsVEE2SEc3a1B1bnFMb0hPbGY4Z1NndVl3NnlWRlE1VEJWOWRud1pIMk5QVnFJeFNmU0RsLW51V1BhMmlKOFltNXdvMjgyYnB2NC1LRlFqTVNvNV95OFJqRXZxQjdCMHhsczlUT3JyMUhXb3VTRg?oc=5
2026-03-23,拾荒老兵趙衍慶辭世 遺產曝光！持有多筆台積電 - 東森新聞,"<a href=""https://news.google.com/rss/articles/CBMiVEFVX3lxTE1rdzlXWVk4bDlCMjNJUWdMLWVXbzdyYzJqSjdOTTVzcTRmbUVtMUY3V1lRaHZBZ1h5ejh4bmZyUDBoVDlSTS01c09LSGdFT3I2SXM0eQ?oc=5"" target=""_blank"">拾荒老兵趙衍慶辭世 遺產曝光！持有多筆台積電</a>&nbsp;&nbsp;<font color=""#6f6f6f"">東森新聞</font>",https://news.google.com/rss/articles/CBMiVEFVX3lxTE1rdzlXWVk4bDlCMjNJUWdMLWVXbzdyYzJqSjdOTTVzcTRmbUVtMUY3V1lRaHZBZ1h5ejh4bmZyUDBoVDlSTS01c09LSGdFT3I2SXM0eQ?oc=5
2026-03-24,投資人逢低搶進海外股票ETF - Yahoo新聞,"<a href=""https://news.google.com/rss/articles/CBMi2wFBVV95cUxPc3JObEk2aGtKdm0zT09DNW5nYnA3SWtjNkY0eEdHRkd0alpKMWxhSFlEQTJZT01hR0V5VGhxNlJwQTFpTmotYVJMOW8wSlpOdjl4cDBmd3hrbkUxejg1MTdDVnlWU0F6T3psdFFkOXJzR1B1ZkkxZzIyVVJRZ2pIR29GU2JraGVzWVVqYzc3b3pfQ25CMTI5RVlfZUpjYUlWZ3FDeEtkdXZYUHpicjg1RGY2alpSeVc2T0tVV3JEQkJPeDM5SWVZd2dVSzgxdjdmTVJiRHd6R0wxOHM?oc=5"" target=""_blank"">投資人逢低搶進海外股票ETF</a>&nbsp;&nbsp;<font color=""#6f6f6f"">Yahoo新聞</font>",https://news.google.com/rss/articles/CBMi2wFBVV95cUxPc3JObEk2aGtKdm0zT09DNW5nYnA3SWtjNkY0eEdHRkd0alpKMWxhSFlEQTJZT01hR0V5VGhxNlJwQTFpTmotYVJMOW8wSlpOdjl4cDBmd3hrbkUxejg1MTdDVnlWU0F6T3psdFFkOXJzR1B1ZkkxZzIyVVJRZ2pIR29GU2JraGVzWVVqYzc3b3pfQ25CMTI5RVlfZUpjYUlWZ3FDeEtkdXZYUHpicjg1RGY2alpSeVc2T0tVV3JEQkJPeDM5SWVZd2dVSzgxdjdmTVJiRHd6R0wxOHM?oc=5
2026-03-23,「郭董退休價」失守了...台灣首富郭台銘身價5天蒸發374億元 - Yahoo股市,"<a href=""https://news.google.com/rss/articles/CBMigANBVV95cUxNVVhJV1ZkOElLUVlpRFh5WE9rd2JWWFBlenVTcEZuMHlubUFib1BUcFl4NHdTamFnN0EtSy1za08xdkdhMWRoVVhzaFFiZFdXcWRjWWd1ZHFsM3I5Y2xzYjlZWjhoUXFSLWFfT29fU0ZZcXgxbm45NEo3WjNIeWRyazA3TGpxQUJrQ0pwQXAweHRlTkZuUFFXYThhUzVqX2ZRYk5GR3BMdGV6RmlWUU1fLU1Pcm1WZHM2Qm4yU1ZNRjk0TXlvTGFycnJsaFl2c1A1bzg5cEdpOXVJRzMxdmpVQmtqOER1bnRGcHg1WklUVWtxSUNKOWNFWWFxLU5XRlhNSEFxLXFDc2FzM0VCbnBUY3BoMFRxZWgyQXhKbmhGMEc5d0ZPT1VSanBZUHdMVHJjcTFlaEszc2dQOTlOS0xOZngzcXBBeGJVOU5ta1daRXBKdWMtWU43SFJWSWZ4Ym9uSzFBcTdKSmg1UUt4b0VDaTM1MVJtYjFaazRtcHhFV2o?oc=5"" target=""_blank"">「郭董退休價」失守了...台灣首富郭台銘身價5天蒸發374億元</a>&nbsp;&nbsp;<font color=""#6f6f6f"">Yahoo股市</font>",https://news.google.com/rss/articles/CBMigANBVV95cUxNVVhJV1ZkOElLUVlpRFh5WE9rd2JWWFBlenVTcEZuMHlubUFib1BUcFl4NHdTamFnN0EtSy1za08xdkdhMWRoVVhzaFFiZFdXcWRjWWd1ZHFsM3I5Y2xzYjlZWjhoUXFSLWFfT29fU0ZZcXgxbm45NEo3WjNIeWRyazA3TGpxQUJrQ0pwQXAweHRlTkZuUFFXYThhUzVqX2ZRYk5GR3BMdGV6RmlWUU1fLU1Pcm1WZHM2Qm4yU1ZNRjk0TXlvTGFycnJsaFl2c1A1bzg5cEdpOXVJRzMxdmpVQmtqOER1bnRGcHg1WklUVWtxSUNKOWNFWWFxLU5XRlhNSEFxLXFDc2FzM0VCbnBUY3BoMFRxZWgyQXhKbmhGMEc5d0ZPT1VSanBZUHdMVHJjcTFlaEszc2dQOTlOS0xOZngzcXBBeGJVOU5ta1daRXBKdWMtWU43SFJWSWZ4Ym9uSzFBcTdKSmg1UUt4b0VDaTM1MVJtYjFaazRtcHhFV2o?oc=5
2026-03-11,台積電副總增買自家股票 4位新任副總持股曝光 - 自由財經,"<a href=""https://news.google.com/rss/articles/CBMiX0FVX3lxTE9naThYVHZPanY3WFl1dkpQQ1Rqa29hUDlabnhkdXdJRUd3UWpWQ19OWndKeGtwY09CcFhrc1B4LVdyR1ZHTjVRaUdVMXdMcUZIbC1rckQzdjdHMjdwckEw0gFkQVVfeXFMT1U0YW5yTnVOa1hpMm1oU1B4eFlhVGxvVjlQMVZKZDNFYU5JRC1JWWZ5TGl0ejdaQjBpc3N0WHZPNHZqMTlyVHE5aXhxa3RMT0tVT01fZFg5RVMyQzhKV1pJWVVFZA?oc=5"" target=""_blank"">台積電副總增買自家股票 4位新任副總持股曝光</a>&nbsp;&nbsp;<font color=""#6f6f6f"">自由財經</font>",https://news.google.com/rss/articles/CBMiX0FVX3lxTE9naThYVHZPanY3WFl1dkpQQ1Rqa29hUDlabnhkdXdJRUd3UWpWQ19OWndKeGtwY09CcFhrc1B4LVdyR1ZHTjVRaUdVMXdMcUZIbC1rckQzdjdHMjdwckEw0gFkQVVfeXFMT1U0YW5yTnVOa1hpMm1oU1B4eFlhVGxvVjlQMVZKZDNFYU5JRC1JWWZ5TGl0ejdaQjBpc3N0WHZPNHZqMTlyVHE5aXhxa3RMT0tVT01fZFg5RVMyQzhKV1pJWVVFZA?oc=5
2026-03-02,台積電股價下跌1.5% 分析師仍看好後市 - Yahoo股市,"<a href=""https://news.google.com/rss/articles/CBMilAJBVV95cUxQR1JJa2Y0NkNLQ09oLTdnXzNoX3FjbmhlYV9hdE5CT2ljRDA1WGE2SmprZFFnMjl0WGtLS1IxZHlkekdyZk1SdGlSeXJhcERRb2FtUk01aXpIUmlGdURRSlpjU0V0LWZUMmlFb0NWYUxrWm9KNTZVWDNpSmNBMWR4dEdaSDY3VkIxaW1jUWxqRnlDWUxlMXR2dzVNSGlPcUVrS2VUQ3FmNURmV1hxSkYzQ1VyM04xbWZ3OUZaTzlSR1pHbHFpSGRkYXJEUVpvS0c0aktEbXR0Q2F2dzBMb09HQmlqRE9rVzRXWWxFcUlJcEdBeFZlZUN5TFlvQ294U2lIS2M1VFFWejhsSk1WTmJNb2JyY0c?oc=5"" target=""_blank"">台積電股價下跌1.5% 分析師仍看好後市</a>&nbsp;&nbsp;<font color=""#6f6f6f"">Yahoo股市</font>",https://news.google.com/rss/articles/CBMilAJBVV95cUxQR1JJa2Y0NkNLQ09oLTdnXzNoX3FjbmhlYV9hdE5CT2ljRDA1WGE2SmprZFFnMjl0WGtLS1IxZHlkekdyZk1SdGlSeXJhcERRb2FtUk01aXpIUmlGdURRSlpjU0V0LWZUMmlFb0NWYUxrWm9KNTZVWDNpSmNBMWR4dEdaSDY3VkIxaW1jUWxqRnlDWUxlMXR2dzVNSGlPcUVrS2VUQ3FmNURmV1hxSkYzQ1VyM04xbWZ3OUZaTzlSR1pHbHFpSGRkYXJEUVpvS0c0aktEbXR0Q2F2dzBMb09HQmlqRE9rVzRXWWxFcUlJcEdBeFZlZUN5TFlvQ294U2lIS2M1VFFWejhsSk1WTmJNb2JyY0c?oc=5
2026-03-24,台灣拾荒老兵趙衍慶91歲病逝 持大量台積電股票 遺產將納入榮民基金會 - 香港01,"<a href=""https://news.google.com/rss/articles/CBMivwNBVV95cUxQb0VmZzBwVkF4YkZKUVBiOVRFTFZEMmZyNkVDU2V3UnhFcm0xVUZTaTJQZVNkZTNqUkNHNmxUb0p0VkltUkpzQV9wS3dxWWVWcjl5c1dhcFdYNXNRN2NDekRUSE9PWG8xaDNtamFRNHNqVTdfVlc3XzRybXdLR1FvMm9ORHJmWXFBaFJYVUNMUXFSSDFlYngzX29GZE5mdjE0WnBVZUlZTEJzbVE3NHBWQWsyYVZyVVFOeXJJbmNrTUlaa05uLXl2SkVIbHlPdFdGUU9SQzAzRUxUclFMQ1RrOEt6engtTXJhV0RpaHRWeGNIbml3RVZwS3BXNFJ0SlFGT0VpY2Rsc2J6STJLZXZucjRxOG9WcG5qWXBhU0pia2p4MWc0UEpKYjVjZGhaTlRCX1Z3U2IxQm5Hdk13cGVaWlNoWlNyRjA0MmhXWUJfMTdXaVRWUWFjajlFOTZjeGFSTGR6WDgzS2dReGwzYjF1UkpOc2psekhnY3htMjFfYnBFcjdjV1BZVmJpRDJHZmZIakhpQnhQcXZJNG11QkJEM3dLblkwTHFXT3ZnMTZBTHNBTjNRY19IZDJpYTZTWkk?oc=5"" target=""_blank"">台灣拾荒老兵趙衍慶91歲病逝 持大量台積電股票 遺產將納入榮民基金會</a>&nbsp;&nbsp;<font color=""#6f6f6f"">香港01</font>",https://news.google.com/rss/articles/CBMivwNBVV95cUxQb0VmZzBwVkF4YkZKUVBiOVRFTFZEMmZyNkVDU2V3UnhFcm0xVUZTaTJQZVNkZTNqUkNHNmxUb0p0VkltUkpzQV9wS3dxWWVWcjl5c1dhcFdYNXNRN2NDekRUSE9PWG8xaDNtamFRNHNqVTdfVlc3XzRybXdLR1FvMm9ORHJmWXFBaFJYVUNMUXFSSDFlYngzX29GZE5mdjE0WnBVZUlZTEJzbVE3NHBWQWsyYVZyVVFOeXJJbmNrTUlaa05uLXl2SkVIbHlPdFdGUU9SQzAzRUxUclFMQ1RrOEt6engtTXJhV0RpaHRWeGNIbml3RVZwS3BXNFJ0SlFGT0VpY2Rsc2J6STJLZXZucjRxOG9WcG5qWXBhU0pia2p4MWc0UEpKYjVjZGhaTlRCX1Z3U2IxQm5Hdk13cGVaWlNoWlNyRjA0MmhXWUJfMTdXaVRWUWFjajlFOTZjeGFSTGR6WDgzS2dReGwzYjF1UkpOc2psekhnY3htMjFfYnBFcjdjV1BZVmJpRDJHZmZIakhpQnhQcXZJNG11QkJEM3dLblkwTHFXT3ZnMTZBTHNBTjNRY19IZDJpYTZTWkk?oc=5
2026-02-25,台積電狂飆「沒賣就沒賺」？全場1點搖頭：光看就爽歪 - Yahoo股市,"<a href=""https://news.google.com/rss/articles/CBMi0AJBVV95cUxQN2lMMkhhelBJYnVHVkhtZ3MxOVUwSW5CUElZbWUwQ3VmdjNRZnF5NDRuOGlIMW5QUXNtVWVUajBQSGg5Qkg0MUpJUXNVVG1XSy1Ncm9UaFJLYmFNQnZHeFNzU1FLT2Z1SkRNcFY3YjBGVTlQSUlBa050Yy1INWthOE1vX3U2SWpZdHBQYmRtTVJmdFRvQjN3RHJMQ3Ntb3NEVDFaeGJkajFNNGZGMGRMdlBKQ2NWWDVNdG42aWNDN0xyWDhyM2JodTFMYXBlSmt1YnFmM0g5MWdsNlBMVlpqVkRiSDdHbVJEdm95VWQtQUp1WS1rMk1XRFJIdFBwcldEc1duM0ZIMFE4aE5md1pFQkQ1Uk1tTXFlM3lSNEZ3U3FYdXl2VU9KQnJZSUQyS1NYUkFSVmVHRlNOTkFhVlJzLXUzbEg0Q2FzZWhXcVZIT1I?oc=5"" target=""_blank"">台積電狂飆「沒賣就沒賺」？全場1點搖頭：光看就爽歪</a>&nbsp;&nbsp;<font color=""#6f6f6f"">Yahoo股市</font>",https://news.google.com/rss/articles/CBMi0AJBVV95cUxQN2lMMkhhelBJYnVHVkhtZ3MxOVUwSW5CUElZbWUwQ3VmdjNRZnF5NDRuOGlIMW5QUXNtVWVUajBQSGg5Qkg0MUpJUXNVVG1XSy1Ncm9UaFJLYmFNQnZHeFNzU1FLT2Z1SkRNcFY3YjBGVTlQSUlBa050Yy1INWthOE1vX3U2SWpZdHBQYmRtTVJmdFRvQjN3RHJMQ3Ntb3NEVDFaeGJkajFNNGZGMGRMdlBKQ2NWWDVNdG42aWNDN0xyWDhyM2JodTFMYXBlSmt1YnFmM0g5MWdsNlBMVlpqVkRiSDdHbVJEdm95VWQtQUp1WS1rMk1XRFJIdFBwcldEc1duM0ZIMFE4aE5md1pFQkQ1Uk1tTXFlM3lSNEZ3U3FYdXl2VU9KQnJZSUQyS1NYUkFSVmVHRlNOTkFhVlJzLXUzbEg0Q2FzZWhXcVZIT1I?oc=5
2026-03-05,台積電(2330)賣飛了？跌到多少能買回？杜金龍曝關鍵價位！看好台塑化(6505)股價衝9字頭，時間表曝光 - 今周刊,"<a href=""https://news.google.com/rss/articles/CBMigAFBVV95cUxOMGhXM1lpMHowWGRZbW4teFZFSmZ3RVlzaFN4SjlfS2FVTllhTTZJWGNpM0ZNY0s0ZzF6Z1VGWXdGNDRLZjRqTGN4eHNULUo1LWs4ZzlmVXZBNllSSExnVzZXVEpRZXZmcGVmQV9fSG1OQmktWEptcFRXWnF0X2ZMcw?oc=5"" target=""_blank"">台積電(2330)賣飛了？跌到多少能買回？杜金龍曝關鍵價位！看好台塑化(6505)股價衝9字頭，時間表曝光</a>&nbsp;&nbsp;<font color=""#6f6f6f"">今周刊</font>",https://news.google.com/rss/articles/CBMigAFBVV95cUxOMGhXM1lpMHowWGRZbW4teFZFSmZ3RVlzaFN4SjlfS2FVTllhTTZJWGNpM0ZNY0s0ZzF6Z1VGWXdGNDRLZjRqTGN4eHNULUo1LWs4ZzlmVXZBNllSSExnVzZXVEpRZXZmcGVmQV9fSG1OQmktWEptcFRXWnF0X2ZMcw?oc=5
2026-03-01,搶買台積電！神山跌55元後一度回到1995元 專家：小心又變臉 - Yahoo股市,"<a href=""https://news.google.com/rss/articles/CBMihANBVV95cUxPZWlFQVZpbmw1cTl0Y2tkdWE4Z0xXejNpTGF5UmhFS2xRS2tTc19YZ25DcTB3UkVpYnBEMW1VcHRMbkFtUVVhSzRIRTZ1amNTdS1LX1ZsUFJvNHAzYUR5SXh4NWJpY0FhZG8xSzVHT0lvb2x2c2VzdEZlV3Itdnlwd3ZmN1hoTFAzTndhcU1lSURuY0o4OWNYZS00QVduNkM3RXdHUXY0bVFUaGxsWHpZc3VjUGNDZWtmdnExck1SclBsaU5iaWQ5RC1la05QSmZRZEE3alBXMHZCS0JfS096c09CV3czdlFyTklSRkVyMnY0Um94ODlnTTRyZU1zN2VfWENsZDlfR0d2MG80ekkzdm5DWlM5TURKcTQ5b3huX01SWmVqU0dwOFYxSVdWbUg0clp6dHRmYkFNNWJOVXpuTEZPbk5Kb1VRZVBUMU5BVDliQmZ0NG5JWW5scExwZ1JrNlREWm95VmV3N3pqX1cxLWw3Zk12RUFub05iNHZ6Zk9oUkln?oc=5"" target=""_blank"">搶買台積電！神山跌55元後一度回到1995元 專家：小心又變臉</a>&nbsp;&nbsp;<font color=""#6f6f6f"">Yahoo股市</font>",https://news.google.com/rss/articles/CBMihANBVV95cUxPZWlFQVZpbmw1cTl0Y2tkdWE4Z0xXejNpTGF5UmhFS2xRS2tTc19YZ25DcTB3UkVpYnBEMW1VcHRMbkFtUVVhSzRIRTZ1amNTdS1LX1ZsUFJvNHAzYUR5SXh4NWJpY0FhZG8xSzVHT0lvb2x2c2VzdEZlV3Itdnlwd3ZmN1hoTFAzTndhcU1lSURuY0o4OWNYZS00QVduNkM3RXdHUXY0bVFUaGxsWHpZc3VjUGNDZWtmdnExck1SclBsaU5iaWQ5RC1la05QSmZRZEE3alBXMHZCS0JfS096c09CV3czdlFyTklSRkVyMnY0Um94ODlnTTRyZU1zN2VfWENsZDlfR0d2MG80ekkzdm5DWlM5TURKcTQ5b3huX01SWmVqU0dwOFYxSVdWbUg0clp6dHRmYkFNNWJOVXpuTEZPbk5Kb1VRZVBUMU5BVDliQmZ0NG5JWW5scExwZ1JrNlREWm95VmV3N3pqX1cxLWw3Zk12RUFub05iNHZ6Zk9oUkln?oc=5
2026-03-01,台積電激情下殺55元！「甜甜價」湧540億熱錢進場瘋搶 反攻2000元就差一步 - Yahoo股市,"<a href=""https://news.google.com/rss/articles/CBMimANBVV95cUxQdmNJbC1uSHlmaVZtdktXRGJDU0hPVmlIQl94Y2JtVFpZS1Z5VU4tRHpHcC0zNFNpb3VuRFNBS21SZWlYOTJ6QURIalU0QTMwUmV0bENvVThoUXNBczRNcjdjemM2bHd4QjFqaGlPLUFJOUVtSDBhd2hRQkt0VUwxZHVWOVJaT05DQ052UXdfNGpYSmFmemNYS1NQUkdDN2tLTHIxenJvUG12b1NBWFlMdU02LXB6OV9TMFk0dTNJdXZWY3ZZWEZLYU1nY1N5cDdLSVhOOHVhV3VZZ2Vzc2QtOTc3T2ZGVnlBaFE4Wk5aTlBMQjlnSTc5MkVwNC1yd2hPNHBHVzNDQUhSQTBqZEFwTjVQa1BIT29ZcjZJdmJNMTRuNzNFVnkwQ0FvNGxJTFFoLWwxdi1SN0dqVEk0eDAtYjR5UUtXd3pBejJ0cHkwUjhKc2pBa3BMYzU5SlFRejlvMF95bmtSWFF4TDlleFBWZENIR3BTaGExVjdYa3ZUdkF1ejJhU1QxNmthQjJIM1I2VEVtTmcwM2M?oc=5"" target=""_blank"">台積電激情下殺55元！「甜甜價」湧540億熱錢進場瘋搶 反攻2000元就差一步</a>&nbsp;&nbsp;<font color=""#6f6f6f"">Yahoo股市</font>",https://news.google.com/rss/articles/CBMimANBVV95cUxQdmNJbC1uSHlmaVZtdktXRGJDU0hPVmlIQl94Y2JtVFpZS1Z5VU4tRHpHcC0zNFNpb3VuRFNBS21SZWlYOTJ6QURIalU0QTMwUmV0bENvVThoUXNBczRNcjdjemM2bHd4QjFqaGlPLUFJOUVtSDBhd2hRQkt0VUwxZHVWOVJaT05DQ052UXdfNGpYSmFmemNYS1NQUkdDN2tLTHIxenJvUG12b1NBWFlMdU02LXB6OV9TMFk0dTNJdXZWY3ZZWEZLYU1nY1N5cDdLSVhOOHVhV3VZZ2Vzc2QtOTc3T2ZGVnlBaFE4Wk5aTlBMQjlnSTc5MkVwNC1yd2hPNHBHVzNDQUhSQTBqZEFwTjVQa1BIT29ZcjZJdmJNMTRuNzNFVnkwQ0FvNGxJTFFoLWwxdi1SN0dqVEk0eDAtYjR5UUtXd3pBejJ0cHkwUjhKc2pBa3BMYzU5SlFRejlvMF95bmtSWFF4TDlleFBWZENIR3BTaGExVjdYa3ZUdkF1ejJhU1QxNmthQjJIM1I2VEVtTmcwM2M?oc=5
2026-03-03,【Follow法人】外資大砍群創逾24萬張登賣超王！同步提款台積電387億元 - Yahoo股市,"<a href=""https://news.google.com/rss/articles/CBMirgNBVV95cUxOXzJKY0RXVHp2LWdRU25RenJlWWVBejEyM1J5eFlDV1hmU0w3U1g4NUM5NDJQR3lYdzBDMjhaT29PalY2RGw4ZWxmbjhSbURkRUhKblNMbkRjVFZPWmZuS0N4MnMtUnhoTWJJeGFaX1hscVlXOHpiYWxOUEVTMEtUMTFmajNOdW9PbGNXX2R0WG1oMk1UcF8wVk9abXB3X19KY1JJVmRkanRreXZpaFhRS29XbXUtaUo3b1JxN1hyT3plT1Z5cE1rS1BBd1pjeC1HdVJELWFOZjlVYVN5ZUV0RmZxejA3Z1QyakZnSjR2VFBjNXNnbXhMRmRORUlQNUR6amV3Y2E4WE1qYXdoaVpNckpneXRxS2Jfa2MwY0ZzTVlsVHpVSzNUcURJWlRvMGpEcWRhS09lQU1CNUZuSWNOUTNmckUxX3I5QkhMeGNaa1Z1My1pZTc2dVVZellUdG51Nk9mTVNJdjVnVmJkV3VyTXFCTEVyZFNObllvTDFaYkNSTUlCQjdQcGpKQzVXU2VXdV9QS2x2WDA0dmtiSnFFWXkwcmk3dnNKM1RBSlNB?oc=5"" target=""_blank"">【Follow法人】外資大砍群創逾24萬張登賣超王！同步提款台積電387億元</a>&nbsp;&nbsp;<font color=""#6f6f6f"">Yahoo股市</font>",https://news.google.com/rss/articles/CBMirgNBVV95cUxOXzJKY0RXVHp2LWdRU25RenJlWWVBejEyM1J5eFlDV1hmU0w3U1g4NUM5NDJQR3lYdzBDMjhaT29PalY2RGw4ZWxmbjhSbURkRUhKblNMbkRjVFZPWmZuS0N4MnMtUnhoTWJJeGFaX1hscVlXOHpiYWxOUEVTMEtUMTFmajNOdW9PbGNXX2R0WG1oMk1UcF8wVk9abXB3X19KY1JJVmRkanRreXZpaFhRS29XbXUtaUo3b1JxN1hyT3plT1Z5cE1rS1BBd1pjeC1HdVJELWFOZjlVYVN5ZUV0RmZxejA3Z1QyakZnSjR2VFBjNXNnbXhMRmRORUlQNUR6amV3Y2E4WE1qYXdoaVpNckpneXRxS2Jfa2MwY0ZzTVlsVHpVSzNUcURJWlRvMGpEcWRhS09lQU1CNUZuSWNOUTNmckUxX3I5QkhMeGNaa1Z1My1pZTc2dVVZellUdG51Nk9mTVNJdjVnVmJkV3VyTXFCTEVyZFNObllvTDFaYkNSTUlCQjdQcGpKQzVXU2VXdV9QS2x2WDA0dmtiSnFFWXkwcmk3dnNKM1RBSlNB?oc=5
2026-03-21,台積電入列！三家AI公司捲入中東戰爭漩渦 外媒曝持股10年充分有理 - 自由財經,"<a href=""https://news.google.com/rss/articles/CBMiX0FVX3lxTE9qdzNNU1Awc3pJSjI5QXlXanVCYkxMcnhYLXdGVklkbTR0a0ZtRGYxcWR1S1RXNEp2bHNrQTNTREFVMDZjY2tZdU1GYzU4ZHRiRDlESG1Yb0YzVnFQNVVZ0gFkQVVfeXFMT0hiNkFWX1dpWE5uQTZsTDdZSEhBZm1waVAzbjByRDhQYUNQTnNkdnJodGdIMFdjYW5aSExTMGw2cl9rZmxsSWtUUHoxbWRybVdKa1lseDNRejJheTF5SjgzV2liWA?oc=5"" target=""_blank"">台積電入列！三家AI公司捲入中東戰爭漩渦 外媒曝持股10年充分有理</a>&nbsp;&nbsp;<font color=""#6f6f6f"">自由財經</font>",https://news.google.com/rss/articles/CBMiX0FVX3lxTE9qdzNNU1Awc3pJSjI5QXlXanVCYkxMcnhYLXdGVklkbTR0a0ZtRGYxcWR1S1RXNEp2bHNrQTNTREFVMDZjY2tZdU1GYzU4ZHRiRDlESG1Yb0YzVnFQNVVZ0gFkQVVfeXFMT0hiNkFWX1dpWE5uQTZsTDdZSEhBZm1waVAzbjByRDhQYUNQTnNkdnJodGdIMFdjYW5aSExTMGw2cl9rZmxsSWtUUHoxbWRybVdKa1lseDNRejJheTF5SjgzV2liWA?oc=5
2026-03-23,無懼中東戰火狂燒！台積電穩如泰山 外媒：股票仍值得續抱 - TVBS新聞網,"<a href=""https://news.google.com/rss/articles/CBMiT0FVX3lxTE93RUI1Wks2ajBhOG14b2NBTUJwT2JBMWFid18wMTNaaEo0bk4tRER4UUQzY0RrY1lkNGp0SDNmbjVGMkNkOVJBME1FQk9tX1E?oc=5"" target=""_blank"">無懼中東戰火狂燒！台積電穩如泰山 外媒：股票仍值得續抱</a>&nbsp;&nbsp;<font color=""#6f6f6f"">TVBS新聞網</font>",https://news.google.com/rss/articles/CBMiT0FVX3lxTE93RUI1Wks2ajBhOG14b2NBTUJwT2JBMWFid18wMTNaaEo0bk4tRER4UUQzY0RrY1lkNGp0SDNmbjVGMkNkOVJBME1FQk9tX1E?oc=5
2026-03-24,2330 台積電 - 參考軟體 觀察籌碼 等待 轉強買進 旺宏 誠美材 台積電 - 股市爆料同學會 - cmoney.tw,"<a href=""https://news.google.com/rss/articles/CBMiWEFVX3lxTFBZSjZYVFpyVE8wd0JDWFJTM1dJdDZNRFBhVVlqSWk2Wk0ySUdCUXd6T2RIU3JMOURkWTZSdjZRSWtyS3pxb0hpRU9UUGxIR2VObk9CaFJlS2w?oc=5"" target=""_blank"">2330 台積電 - 參考軟體 觀察籌碼 等待 轉強買進 旺宏 誠美材 台積電 - 股市爆料同學會</a>&nbsp;&nbsp;<font color=""#6f6f6f"">cmoney.tw</font>",https://news.google.com/rss/articles/CBMiWEFVX3lxTFBZSjZYVFpyVE8wd0JDWFJTM1dJdDZNRFBhVVlqSWk2Wk0ySUdCUXd6T2RIU3JMOURkWTZSdjZRSWtyS3pxb0hpRU9UUGxIR2VObk9CaFJlS2w?oc=5
2026-03-02,台積電下跌40元 分析師：想搶反彈再等等 - Yahoo股市,"<a href=""https://news.google.com/rss/articles/CBMiqwJBVV95cUxNTGlGUUpLSGppS1RHUm5oTV8zbTdOYUdhbngweDhITFFOR1VXQTRucTZGMTBiRy1oeDllNkJySTQ0VkpQZFNabGd4THQzN1kzOFFWUFhoWl8xMGQ1TFMzY29EajdUWXBfWVEyUm9zMFdiamUyOVFkaXRtcmVMZVR1N2JkVlNmdGVzNGlMZXpJM3BaMUNMUHFLVGdWVUFjdXhha2xOU2dDZ2tzc3RVQm96c2l1VjdUUjFJeEhXdGIwc1VTazNIM0tZUTVCbkxFQV9KSE12T1RFYkN1MWFvSmJBUVdPWURWZTZxcy1TYlJnN0RhckdwVE4wLXZWWXhXbDFTTUw5aXd0T3lhSTBtV2JzU1pBc1k1THc3Z3psMUtoMFN1bXBRZXRyOUNKYw?oc=5"" target=""_blank"">台積電下跌40元 分析師：想搶反彈再等等</a>&nbsp;&nbsp;<font color=""#6f6f6f"">Yahoo股市</font>",https://news.google.com/rss/articles/CBMiqwJBVV95cUxNTGlGUUpLSGppS1RHUm5oTV8zbTdOYUdhbngweDhITFFOR1VXQTRucTZGMTBiRy1oeDllNkJySTQ0VkpQZFNabGd4THQzN1kzOFFWUFhoWl8xMGQ1TFMzY29EajdUWXBfWVEyUm9zMFdiamUyOVFkaXRtcmVMZVR1N2JkVlNmdGVzNGlMZXpJM3BaMUNMUHFLVGdWVUFjdXhha2xOU2dDZ2tzc3RVQm96c2l1VjdUUjFJeEhXdGIwc1VTazNIM0tZUTVCbkxFQV9KSE12T1RFYkN1MWFvSmJBUVdPWURWZTZxcy1TYlJnN0RhckdwVE4wLXZWWXhXbDFTTUw5aXd0T3lhSTBtV2JzU1pBc1k1THc3Z3psMUtoMFN1bXBRZXRyOUNKYw?oc=5
2026-03-23,賣光台積電股票換南港第二間房 藝人黃鐙輝分享投資撇步 - 民視新聞網,"<a href=""https://news.google.com/rss/articles/CBMiYEFVX3lxTE1hUmRiMDYwVXFjVWF5QVJhYVdyOFRINS1ONUtDT083V2hWdFR0Njh1NnJ1N3lfZ1JPckFrMnIwbmxrZTU0TmQwTXRoTm9WQ2hEWkowNF9DSWV4RGhLUDE5MA?oc=5"" target=""_blank"">賣光台積電股票換南港第二間房 藝人黃鐙輝分享投資撇步</a>&nbsp;&nbsp;<font color=""#6f6f6f"">民視新聞網</font>",https://news.google.com/rss/articles/CBMiYEFVX3lxTE1hUmRiMDYwVXFjVWF5QVJhYVdyOFRINS1ONUtDT083V2hWdFR0Njh1NnJ1N3lfZ1JPckFrMnIwbmxrZTU0TmQwTXRoTm9WQ2hEWkowNF9DSWV4RGhLUDE5MA?oc=5
2026-03-24,台積電何麗梅下一站出爐 宏碁提名出任獨董 | NOWNEWS今日新聞 - LINE TODAY,"<a href=""https://news.google.com/rss/articles/CBMiVkFVX3lxTE9WdVdvWW53Y2VNMWZrQndfRVRvd0dRMmw2R3JBU3IxU3NZMXhxU285UE1Tc2dfOFFFWHBqaUlQb25sRTVjR1RtanMxaGtxd0pHRGlvQ3dn?oc=5"" target=""_blank"">台積電何麗梅下一站出爐 宏碁提名出任獨董 | NOWNEWS今日新聞</a>&nbsp;&nbsp;<font color=""#6f6f6f"">LINE TODAY</font>",https://news.google.com/rss/articles/CBMiVkFVX3lxTE9WdVdvWW53Y2VNMWZrQndfRVRvd0dRMmw2R3JBU3IxU3NZMXhxU285UE1Tc2dfOFFFWHBqaUlQb25sRTVjR1RtanMxaGtxd0pHRGlvQ3dn?oc=5
2026-02-24,台積電2025元天價！近18萬股東聽魏哲家的話 一張最高賺107萬元 - Yahoo股市,"<a href=""https://news.google.com/rss/articles/CBMiiANBVV95cUxOSWlZMnV1VGJpSENXUWdkNVF6UmtzQ1BIeXVRekdwOHVwRVFWcUUtNG1GSEF0VTJTTFdVcm9ZQ1R5MlBlSE0yYW5MeVA0NGNOMFlEa3FJc2dHME5kTGJfTmZlOXdJbENEVVprc25KSk1pR3VwZFVNVzI5OWU0bmY4blo0N3l3UFNkU25sWGdEaDdKRkEzUmUxTVpUZTJZa1dteVI4ZlU2a1FsOVFWeEo5b01aU1NWSy1DRm54LXVoa0Qtdk5RVTNmUWNkZ0tHd2ZmT25DUWUtaWh1dmx2TzMxMGFvbnhKWU5rNVV1RF9YNHljWGRKdnZhblpGakpZM2ZWX3I2UVVDNmd1X1lUQlU5MWRYR2ZBRVc5STVfd2FYM0JCTjgyOVhVWjFUdzZya2ZPbnNZYXJCVXFRaXRfTmxETjByeV94V3JydnBubnJycDlxQWJSQXlWQUZEWXltbVBXb005WUN6MVB3clFETWNFczRIQ3F3MW9FWklNSU9YWVN1QlVreFRRbg?oc=5"" target=""_blank"">台積電2025元天價！近18萬股東聽魏哲家的話 一張最高賺107萬元</a>&nbsp;&nbsp;<font color=""#6f6f6f"">Yahoo股市</font>",https://news.google.com/rss/articles/CBMiiANBVV95cUxOSWlZMnV1VGJpSENXUWdkNVF6UmtzQ1BIeXVRekdwOHVwRVFWcUUtNG1GSEF0VTJTTFdVcm9ZQ1R5MlBlSE0yYW5MeVA0NGNOMFlEa3FJc2dHME5kTGJfTmZlOXdJbENEVVprc25KSk1pR3VwZFVNVzI5OWU0bmY4blo0N3l3UFNkU25sWGdEaDdKRkEzUmUxTVpUZTJZa1dteVI4ZlU2a1FsOVFWeEo5b01aU1NWSy1DRm54LXVoa0Qtdk5RVTNmUWNkZ0tHd2ZmT25DUWUtaWh1dmx2TzMxMGFvbnhKWU5rNVV1RF9YNHljWGRKdnZhblpGakpZM2ZWX3I2UVVDNmd1X1lUQlU5MWRYR2ZBRVc5STVfd2FYM0JCTjgyOVhVWjFUdzZya2ZPbnNZYXJCVXFRaXRfTmxETjByeV94V3JydnBubnJycDlxQWJSQXlWQUZEWXltbVBXb005WUN6MVB3clFETWNFczRIQ3F3MW9FWklNSU9YWVN1QlVreFRRbg?oc=5
2026-02-28,脫單前「每天買1股台積電」猛賺83萬！台南男現身了 - Yahoo股市,"<a href=""https://news.google.com/rss/articles/CBMixwJBVV95cUxPVDFwWk5GSDlHWmQwS2ltem1EUklDMUlkNHhoWnhFVWRHcTVFNFhWSC1pNWF5Ml9JZU96NGJMVlhnOVd4OF9GRldQWTU3enpIS2U4VkxubktnRzFaaGdiZGJFWm95b1FmdUc5c25aUXAyb2ljUndJbEt1dnpETlNJaUVzdDRtQnZ5dGc5ZGRxblNmNjVCbkdiU3ZIZkRnQlJkdDVqcWZSMmhsdFhHakFIQzk4cnpzbjVRQ0QwandJUjV0d3pBZWRXYktXcUNBaVd0bUhVTjQwLUJDbjRId05xdW5aR2NkZjBlZ2NFdXBGUE5BQTVBcUZjalhMdWRhVHd5bjZmand1MkpIUDcwdkdlbWNBRi1ZQkZhUDRia01qZm8xSGJRbWtUQ0QzSWpiLTFiUkxpTi1FeFFHc0h6Q0Z1c1VZcUFzTEE?oc=5"" target=""_blank"">脫單前「每天買1股台積電」猛賺83萬！台南男現身了</a>&nbsp;&nbsp;<font color=""#6f6f6f"">Yahoo股市</font>",https://news.google.com/rss/articles/CBMixwJBVV95cUxPVDFwWk5GSDlHWmQwS2ltem1EUklDMUlkNHhoWnhFVWRHcTVFNFhWSC1pNWF5Ml9JZU96NGJMVlhnOVd4OF9GRldQWTU3enpIS2U4VkxubktnRzFaaGdiZGJFWm95b1FmdUc5c25aUXAyb2ljUndJbEt1dnpETlNJaUVzdDRtQnZ5dGc5ZGRxblNmNjVCbkdiU3ZIZkRnQlJkdDVqcWZSMmhsdFhHakFIQzk4cnpzbjVRQ0QwandJUjV0d3pBZWRXYktXcUNBaVd0bUhVTjQwLUJDbjRId05xdW5aR2NkZjBlZ2NFdXBGUE5BQTVBcUZjalhMdWRhVHd5bjZmand1MkpIUDcwdkdlbWNBRi1ZQkZhUDRia01qZm8xSGJRbWtUQ0QzSWpiLTFiUkxpTi1FeFFHc0h6Q0Z1c1VZcUFzTEE?oc=5
2026-03-23,2330 台積電 - 大盤跌千點，為什麼有些股票還能站著？答案在技術+籌碼 🔎 - 股市爆料同學會 - cmoney.tw,"<a href=""https://news.google.com/rss/articles/CBMiWEFVX3lxTE9XbER4b3Jrc3BRLUtwNkNPaHpsSWNwSFFGc25QeWd5cHV3QzFtT1hPSC0tNktSUE10cnF6VmFPMTJzYU5GSTRlRk9wMHlSbzFheVl6OWhqdC0?oc=5"" target=""_blank"">2330 台積電 - 大盤跌千點，為什麼有些股票還能站著？答案在技術+籌碼 🔎 - 股市爆料同學會</a>&nbsp;&nbsp;<font color=""#6f6f6f"">cmoney.tw</font>",https://news.google.com/rss/articles/CBMiWEFVX3lxTE9XbER4b3Jrc3BRLUtwNkNPaHpsSWNwSFFGc25QeWd5cHV3QzFtT1hPSC0tNktSUE10cnF6VmFPMTJzYU5GSTRlRk9wMHlSbzFheVl6OWhqdC0?oc=5
2026-03-23,2330 台積電 - 死TACO執政下，投資股票務必短進短出。 - 股市爆料同學會 - cmoney.tw,"<a href=""https://news.google.com/rss/articles/CBMiWEFVX3lxTE1WV3BqTzVHUE45OUpKUVhxdHpJeW9Dd2c0WFBIV0lMdGhSUDFOR3h4aEN4RzhLekw5LUlIblZmbjhsNFNvSW9wWllkNG8wRzRvLV9EUnNUUTU?oc=5"" target=""_blank"">2330 台積電 - 死TACO執政下，投資股票務必短進短出。 - 股市爆料同學會</a>&nbsp;&nbsp;<font color=""#6f6f6f"">cmoney.tw</font>",https://news.google.com/rss/articles/CBMiWEFVX3lxTE1WV3BqTzVHUE45OUpKUVhxdHpJeW9Dd2c0WFBIV0lMdGhSUDFOR3h4aEN4RzhLekw5LUlIblZmbjhsNFNvSW9wWllkNG8wRzRvLV9EUnNUUTU?oc=5
2026-03-04,台積電股價存在估值溢價 這原因外媒全都說了 - 自由財經,"<a href=""https://news.google.com/rss/articles/CBMiX0FVX3lxTE11NFlLQTBuMXJIV0JWcW1EbWhjY1dNaG03aERwM2lLeDZudl9lYk9VRXg1bkxsSWtRSFlKY3pNQmJPekpIQXpvQTltTlBiY3U2enF6ZUw0QzhzTHNvU2FF0gFkQVVfeXFMTVJDdWJmd19Ddm9IVnlLWnJjSUFMaVh0MVEtUVVzRVRFQVRaN2pqZW90WDJxZFNFQWpVM2duSVFfVFY2eWp2Sms5aFRCS3FSaUMzQzdnU3RkOUNDaWVJY0o5ZGVXMw?oc=5"" target=""_blank"">台積電股價存在估值溢價 這原因外媒全都說了</a>&nbsp;&nbsp;<font color=""#6f6f6f"">自由財經</font>",https://news.google.com/rss/articles/CBMiX0FVX3lxTE11NFlLQTBuMXJIV0JWcW1EbWhjY1dNaG03aERwM2lLeDZudl9lYk9VRXg1bkxsSWtRSFlKY3pNQmJPekpIQXpvQTltTlBiY3U2enF6ZUw0QzhzTHNvU2FF0gFkQVVfeXFMTVJDdWJmd19Ddm9IVnlLWnJjSUFMaVh0MVEtUVVzRVRFQVRaN2pqZW90WDJxZFNFQWpVM2duSVFfVFY2eWp2Sms5aFRCS3FSaUMzQzdnU3RkOUNDaWVJY0o5ZGVXMw?oc=5
